node_id,sensor_name,timestamp,prediction,actual,error,abs_error,horizon
10000,NclConventRdOrdCtANPR,2025-04-16 11:00:00,-0.303818017244339,1.0,-1.303818017244339,1.303818017244339,1
10000,NclConventRdOrdCtANPR,2025-04-16 11:15:00,-0.2660948634147644,2.0,-2.2660948634147644,2.2660948634147644,2
10000,NclConventRdOrdCtANPR,2025-04-16 11:30:00,-0.20460505783557892,2.0,-2.204605057835579,2.204605057835579,3
10000,NclConventRdOrdCtANPR,2025-04-16 11:45:00,-0.16544310748577118,1.0,-1.1654431074857712,1.1654431074857712,4
10000,NclConventRdOrdCtANPR,2025-04-16 12:00:00,-0.051555335521698,2.0,-2.051555335521698,2.051555335521698,5
10000,NclConventRdOrdCtANPR,2025-04-16 12:15:00,0.08160272240638733,2.0,-1.9183972775936127,1.9183972775936127,6
10007,NclTynebridgeNorthEast,2025-04-16 11:00:00,-0.303818017244339,54.0,-54.30381801724434,54.30381801724434,1
10007,NclTynebridgeNorthEast,2025-04-16 11:15:00,-0.2660948634147644,37.0,-37.266094863414764,37.266094863414764,2
10007,NclTynebridgeNorthEast,2025-04-16 11:30:00,-0.20460505783557892,39.0,-39.20460505783558,39.20460505783558,3
10007,NclTynebridgeNorthEast,2025-04-16 11:45:00,-0.16544310748577118,29.0,-29.16544310748577,29.16544310748577,4
10007,NclTynebridgeNorthEast,2025-04-16 12:00:00,-0.051555335521698,55.0,-55.0515553355217,55.0515553355217,5
10007,NclTynebridgeNorthEast,2025-04-16 12:15:00,0.08160272240638733,40.0,-39.91839727759361,39.91839727759361,6
10009,NclMowbrayStStratfordRdANPR,2025-04-16 11:00:00,-0.303818017244339,1.0,-1.303818017244339,1.303818017244339,1
10009,NclMowbrayStStratfordRdANPR,2025-04-16 11:15:00,-0.2660948634147644,1.0,-1.2660948634147644,1.2660948634147644,2
10009,NclMowbrayStStratfordRdANPR,2025-04-16 11:30:00,-0.20460505783557892,3.0,-3.204605057835579,3.204605057835579,3
10009,NclMowbrayStStratfordRdANPR,2025-04-16 11:45:00,-0.16544310748577118,1.0,-1.1654431074857712,1.1654431074857712,4
10009,NclMowbrayStStratfordRdANPR,2025-04-16 12:00:00,-0.051555335521698,1.0,-1.051555335521698,1.051555335521698,5
10009,NclMowbrayStStratfordRdANPR,2025-04-16 12:15:00,0.08160272240638733,6.0,-5.918397277593613,5.918397277593613,6
10011,NclQueenVictoriaRdPercyBuilding,2025-04-16 11:00:00,-0.4536502957344055,2.0,-2.4536502957344055,2.4536502957344055,1
10011,NclQueenVictoriaRdPercyBuilding,2025-04-16 11:15:00,-0.44143956899642944,2.0,-2.4414395689964294,2.4414395689964294,2
10011,NclQueenVictoriaRdPercyBuilding,2025-04-16 11:30:00,-0.4551447629928589,1.0,-1.4551447629928589,1.4551447629928589,3
10011,NclQueenVictoriaRdPercyBuilding,2025-04-16 11:45:00,-0.4514124095439911,1.0,-1.451412409543991,1.451412409543991,4
10011,NclQueenVictoriaRdPercyBuilding,2025-04-16 12:00:00,-0.465819776058197,1.0,-1.465819776058197,1.465819776058197,5
10011,NclQueenVictoriaRdPercyBuilding,2025-04-16 12:15:00,-0.4280849099159241,1.0,-1.428084909915924,1.428084909915924,6
10018,NclHeatonParkRdWandsworthRd,2025-04-16 11:00:00,-0.303818017244339,2.0,-2.303818017244339,2.303818017244339,1
10018,NclHeatonParkRdWandsworthRd,2025-04-16 11:15:00,-0.2660948634147644,2.0,-2.2660948634147644,2.2660948634147644,2
10018,NclHeatonParkRdWandsworthRd,2025-04-16 11:30:00,-0.20460505783557892,1.0,-1.204605057835579,1.204605057835579,3
10018,NclHeatonParkRdWandsworthRd,2025-04-16 11:45:00,-0.16544310748577118,6.0,-6.165443107485771,6.165443107485771,4
10018,NclHeatonParkRdWandsworthRd,2025-04-16 12:00:00,-0.051555335521698,3.0,-3.051555335521698,3.051555335521698,5
10018,NclHeatonParkRdWandsworthRd,2025-04-16 12:15:00,0.08160272240638733,2.0,-1.9183972775936127,1.9183972775936127,6
10022,NclCypressAveGreenway,2025-04-16 11:00:00,-0.303818017244339,18.0,-18.30381801724434,18.30381801724434,1
10022,NclCypressAveGreenway,2025-04-16 11:15:00,-0.2660948634147644,23.0,-23.266094863414764,23.266094863414764,2
10022,NclCypressAveGreenway,2025-04-16 11:30:00,-0.20460505783557892,18.0,-18.20460505783558,18.20460505783558,3
10022,NclCypressAveGreenway,2025-04-16 11:45:00,-0.16544310748577118,20.0,-20.16544310748577,20.16544310748577,4
10022,NclCypressAveGreenway,2025-04-16 12:00:00,-0.051555335521698,18.0,-18.051555335521698,18.051555335521698,5
10022,NclCypressAveGreenway,2025-04-16 12:15:00,0.08160272240638733,12.0,-11.918397277593613,11.918397277593613,6
10024,NclQuaysideUnderHighLevelBridge,2025-04-16 11:00:00,-0.303818017244339,1.0,-1.303818017244339,1.303818017244339,1
10024,NclQuaysideUnderHighLevelBridge,2025-04-16 11:15:00,-0.2660948634147644,18.0,-18.266094863414764,18.266094863414764,2
10024,NclQuaysideUnderHighLevelBridge,2025-04-16 11:30:00,-0.20460505783557892,4.0,-4.204605057835579,4.204605057835579,3
10024,NclQuaysideUnderHighLevelBridge,2025-04-16 11:45:00,-0.16544310748577118,1.0,-1.1654431074857712,1.1654431074857712,4
10024,NclQuaysideUnderHighLevelBridge,2025-04-16 12:00:00,-0.051555335521698,1.0,-1.051555335521698,1.051555335521698,5
10024,NclQuaysideUnderHighLevelBridge,2025-04-16 12:15:00,0.08160272240638733,1.0,-0.9183972775936127,0.9183972775936127,6
10025,NclJohnDobsonStRidleyPl,2025-04-16 11:00:00,-0.327902615070343,2.0,-2.327902615070343,2.327902615070343,1
10025,NclJohnDobsonStRidleyPl,2025-04-16 11:15:00,-0.29399073123931885,1.0,-1.2939907312393188,1.2939907312393188,2
10025,NclJohnDobsonStRidleyPl,2025-04-16 11:30:00,-0.26736241579055786,6.0,-6.267362415790558,6.267362415790558,3
10025,NclJohnDobsonStRidleyPl,2025-04-16 11:45:00,-0.23172125220298767,1.0,-1.2317212522029877,1.2317212522029877,4
10025,NclJohnDobsonStRidleyPl,2025-04-16 12:00:00,-0.21023070812225342,3.0,-3.2102307081222534,3.2102307081222534,5
10025,NclJohnDobsonStRidleyPl,2025-04-16 12:15:00,-0.15648381412029266,6.0,-6.156483814120293,6.156483814120293,6
10027,NclKingswayQueenswayANPR,2025-04-16 11:00:00,-0.303818017244339,9.0,-9.303818017244339,9.303818017244339,1
10027,NclKingswayQueenswayANPR,2025-04-16 11:15:00,-0.2660948634147644,7.0,-7.266094863414764,7.266094863414764,2
10027,NclKingswayQueenswayANPR,2025-04-16 11:30:00,-0.20460505783557892,9.0,-9.204605057835579,9.204605057835579,3
10027,NclKingswayQueenswayANPR,2025-04-16 11:45:00,-0.16544310748577118,10.0,-10.165443107485771,10.165443107485771,4
10027,NclKingswayQueenswayANPR,2025-04-16 12:00:00,-0.051555335521698,7.0,-7.051555335521698,7.051555335521698,5
10027,NclKingswayQueenswayANPR,2025-04-16 12:15:00,0.08160272240638733,12.0,-11.918397277593613,11.918397277593613,6
10028,NclHeatonParkViewHeatonParkRd,2025-04-16 11:00:00,-0.303818017244339,12.0,-12.303818017244339,12.303818017244339,1
10028,NclHeatonParkViewHeatonParkRd,2025-04-16 11:15:00,-0.2660948634147644,3.0,-3.2660948634147644,3.2660948634147644,2
10028,NclHeatonParkViewHeatonParkRd,2025-04-16 11:30:00,-0.20460505783557892,1.0,-1.204605057835579,1.204605057835579,3
10028,NclHeatonParkViewHeatonParkRd,2025-04-16 11:45:00,-0.16544310748577118,1.0,-1.1654431074857712,1.1654431074857712,4
10028,NclHeatonParkViewHeatonParkRd,2025-04-16 12:00:00,-0.051555335521698,14.0,-14.051555335521698,14.051555335521698,5
10028,NclHeatonParkViewHeatonParkRd,2025-04-16 12:15:00,0.08160272240638733,1.0,-0.9183972775936127,0.9183972775936127,6
10030,NclQueenVictoriaRdBedsonBuilding,2025-04-16 11:00:00,-0.43165600299835205,2.0,-2.431656002998352,2.431656002998352,1
10030,NclQueenVictoriaRdBedsonBuilding,2025-04-16 11:15:00,-0.4076556861400604,1.0,-1.4076556861400604,1.4076556861400604,2
10030,NclQueenVictoriaRdBedsonBuilding,2025-04-16 11:30:00,-0.4174850285053253,48.0,-48.417485028505325,48.417485028505325,3
10030,NclQueenVictoriaRdBedsonBuilding,2025-04-16 11:45:00,-0.3781920373439789,1.0,-1.3781920373439789,1.3781920373439789,4
10030,NclQueenVictoriaRdBedsonBuilding,2025-04-16 12:00:00,-0.3836694061756134,1.0,-1.3836694061756134,1.3836694061756134,5
10030,NclQueenVictoriaRdBedsonBuilding,2025-04-16 12:15:00,-0.3295540511608124,1.0,-1.3295540511608124,1.3295540511608124,6
10037,NclPilgrimStMarketLn,2025-04-16 11:00:00,-0.44614121317863464,26.0,-26.446141213178635,26.446141213178635,1
10037,NclPilgrimStMarketLn,2025-04-16 11:15:00,-0.43048781156539917,1.0,-1.4304878115653992,1.4304878115653992,2
10037,NclPilgrimStMarketLn,2025-04-16 11:30:00,-0.4420035183429718,1.0,-1.4420035183429718,1.4420035183429718,3
10037,NclPilgrimStMarketLn,2025-04-16 11:45:00,-0.43195629119873047,1.0,-1.4319562911987305,1.4319562911987305,4
10037,NclPilgrimStMarketLn,2025-04-16 12:00:00,-0.4432431161403656,28.0,-28.443243116140366,28.443243116140366,5
10037,NclPilgrimStMarketLn,2025-04-16 12:15:00,-0.39170825481414795,43.0,-43.39170825481415,43.39170825481415,6
10038,NclSwingBridgeWest,2025-04-16 11:00:00,-0.45648348331451416,2.0,-2.456483483314514,2.456483483314514,1
10038,NclSwingBridgeWest,2025-04-16 11:15:00,-0.4108436107635498,16.0,-16.41084361076355,16.41084361076355,2
10038,NclSwingBridgeWest,2025-04-16 11:30:00,-0.3908976912498474,19.0,-19.390897691249847,19.390897691249847,3
10038,NclSwingBridgeWest,2025-04-16 11:45:00,-0.346107542514801,1.0,-1.346107542514801,1.346107542514801,4
10038,NclSwingBridgeWest,2025-04-16 12:00:00,-0.31417331099510193,3.0,-3.314173310995102,3.314173310995102,5
10038,NclSwingBridgeWest,2025-04-16 12:15:00,-0.24567165970802307,9.0,-9.245671659708023,9.245671659708023,6
10046,NclNorhamRdCoquetAveANPR,2025-04-16 11:00:00,-0.303818017244339,2.0,-2.303818017244339,2.303818017244339,1
10046,NclNorhamRdCoquetAveANPR,2025-04-16 11:15:00,-0.2660948634147644,3.0,-3.2660948634147644,3.2660948634147644,2
10046,NclNorhamRdCoquetAveANPR,2025-04-16 11:30:00,-0.20460505783557892,2.0,-2.204605057835579,2.204605057835579,3
10046,NclNorhamRdCoquetAveANPR,2025-04-16 11:45:00,-0.16544310748577118,1.0,-1.1654431074857712,1.1654431074857712,4
10046,NclNorhamRdCoquetAveANPR,2025-04-16 12:00:00,-0.051555335521698,1.0,-1.051555335521698,1.051555335521698,5
10046,NclNorhamRdCoquetAveANPR,2025-04-16 12:15:00,0.08160272240638733,3.0,-2.9183972775936127,2.9183972775936127,6
10048,NclOsborneHaldane,2025-04-16 11:00:00,-0.4744471311569214,35.0,-35.47444713115692,35.47444713115692,1
10048,NclOsborneHaldane,2025-04-16 11:15:00,-0.4613015353679657,50.0,-50.461301535367966,50.461301535367966,2
10048,NclOsborneHaldane,2025-04-16 11:30:00,-0.5041746497154236,54.0,-54.504174649715424,54.504174649715424,3
10048,NclOsborneHaldane,2025-04-16 11:45:00,-0.4823831617832184,43.0,-43.48238316178322,43.48238316178322,4
10048,NclOsborneHaldane,2025-04-16 12:00:00,-0.5277085304260254,43.0,-43.527708530426025,43.527708530426025,5
10048,NclOsborneHaldane,2025-04-16 12:15:00,-0.5347266793251038,55.0,-55.534726679325104,55.534726679325104,6
10054,NclNinthAveSecondAve,2025-04-16 10:45:00,-0.303818017244339,1.0,-1.303818017244339,1.303818017244339,1
10054,NclNinthAveSecondAve,2025-04-16 11:00:00,-0.2660948634147644,1.0,-1.2660948634147644,1.2660948634147644,2
10054,NclNinthAveSecondAve,2025-04-16 11:15:00,-0.20460505783557892,1.0,-1.204605057835579,1.204605057835579,3
10054,NclNinthAveSecondAve,2025-04-16 11:30:00,-0.16544310748577118,1.0,-1.1654431074857712,1.1654431074857712,4
10054,NclNinthAveSecondAve,2025-04-16 11:45:00,-0.051555335521698,1.0,-1.051555335521698,1.051555335521698,5
10054,NclNinthAveSecondAve,2025-04-16 12:15:00,0.08160272240638733,1.0,-0.9183972775936127,0.9183972775936127,6
10055,NclTenthAveSecondAve,2025-04-16 11:00:00,-0.303818017244339,2.0,-2.303818017244339,2.303818017244339,1
10055,NclTenthAveSecondAve,2025-04-16 11:15:00,-0.2660948634147644,2.0,-2.2660948634147644,2.2660948634147644,2
10055,NclTenthAveSecondAve,2025-04-16 11:30:00,-0.20460505783557892,2.0,-2.204605057835579,2.204605057835579,3
10055,NclTenthAveSecondAve,2025-04-16 11:45:00,-0.16544310748577118,2.0,-2.165443107485771,2.165443107485771,4
10055,NclTenthAveSecondAve,2025-04-16 12:00:00,-0.051555335521698,1.0,-1.051555335521698,1.051555335521698,5
10055,NclTenthAveSecondAve,2025-04-16 12:15:00,0.08160272240638733,1.0,-0.9183972775936127,0.9183972775936127,6
10056,NclRavenswoodRdWest,2025-04-16 11:00:00,-0.39970535039901733,6.0,-6.399705350399017,6.399705350399017,1
10056,NclRavenswoodRdWest,2025-04-16 11:15:00,-0.35128161311149597,14.0,-14.351281613111496,14.351281613111496,2
10056,NclRavenswoodRdWest,2025-04-16 11:30:00,-0.3216395378112793,11.0,-11.32163953781128,11.32163953781128,3
10056,NclRavenswoodRdWest,2025-04-16 11:45:00,-0.27022793889045715,4.0,-4.270227938890457,4.270227938890457,4
10056,NclRavenswoodRdWest,2025-04-16 12:00:00,-0.25907808542251587,2.0,-2.259078085422516,2.259078085422516,5
10056,NclRavenswoodRdWest,2025-04-16 12:15:00,-0.2175898551940918,15.0,-15.217589855194092,15.217589855194092,6
10057,NclRavenswoodRdStanmoreRd,2025-04-16 11:00:00,-0.4290831387042999,5.0,-5.4290831387043,5.4290831387043,1
10057,NclRavenswoodRdStanmoreRd,2025-04-16 11:15:00,-0.3967732787132263,12.0,-12.396773278713226,12.396773278713226,2
10057,NclRavenswoodRdStanmoreRd,2025-04-16 11:30:00,-0.3848780691623688,9.0,-9.384878069162369,9.384878069162369,3
10057,NclRavenswoodRdStanmoreRd,2025-04-16 11:45:00,-0.35282498598098755,8.0,-8.352824985980988,8.352824985980988,4
10057,NclRavenswoodRdStanmoreRd,2025-04-16 12:00:00,-0.3663259744644165,6.0,-6.3663259744644165,6.3663259744644165,5
10057,NclRavenswoodRdStanmoreRd,2025-04-16 12:15:00,-0.3467433750629425,10.0,-10.346743375062943,10.346743375062943,6
10058,NclForsythRdBrentwoodAve,2025-04-16 11:00:00,-0.3993172347545624,11.0,-11.399317234754562,11.399317234754562,1
10058,NclForsythRdBrentwoodAve,2025-04-16 11:15:00,-0.34085169434547424,11.0,-11.340851694345474,11.340851694345474,2
10058,NclForsythRdBrentwoodAve,2025-04-16 11:30:00,-0.3169933557510376,10.0,-10.316993355751038,10.316993355751038,3
10058,NclForsythRdBrentwoodAve,2025-04-16 11:45:00,-0.20601780712604523,14.0,-14.206017807126045,14.206017807126045,4
10058,NclForsythRdBrentwoodAve,2025-04-16 12:00:00,-0.1792999804019928,13.0,-13.179299980401993,13.179299980401993,5
10058,NclForsythRdBrentwoodAve,2025-04-16 12:15:00,-0.0848899632692337,6.0,-6.084889963269234,6.084889963269234,6
10059,NclShieldsRdRobinsonStNorth,2025-04-16 11:00:00,-0.6850059628486633,2.0,-2.6850059628486633,2.6850059628486633,1
10059,NclShieldsRdRobinsonStNorth,2025-04-16 11:15:00,-0.6399130821228027,33.0,-33.6399130821228,33.6399130821228,2
10059,NclShieldsRdRobinsonStNorth,2025-04-16 11:30:00,-0.651287317276001,1.0,-1.651287317276001,1.651287317276001,3
10059,NclShieldsRdRobinsonStNorth,2025-04-16 11:45:00,-0.5879973769187927,2.0,-2.5879973769187927,2.5879973769187927,4
10059,NclShieldsRdRobinsonStNorth,2025-04-16 12:00:00,-0.5817683935165405,32.0,-32.58176839351654,32.58176839351654,5
10059,NclShieldsRdRobinsonStNorth,2025-04-16 12:15:00,-0.46083390712738037,27.0,-27.46083390712738,27.46083390712738,6
10060,NclShieldsRdMatthewStSouth,2025-04-16 11:00:00,-0.6576544046401978,44.0,-44.6576544046402,44.6576544046402,1
10060,NclShieldsRdMatthewStSouth,2025-04-16 11:15:00,-0.6247861981391907,53.0,-53.62478619813919,53.62478619813919,2
10060,NclShieldsRdMatthewStSouth,2025-04-16 11:30:00,-0.6465880870819092,39.0,-39.64658808708191,39.64658808708191,3
10060,NclShieldsRdMatthewStSouth,2025-04-16 11:45:00,-0.6026769876480103,1.0,-1.6026769876480103,1.6026769876480103,4
10060,NclShieldsRdMatthewStSouth,2025-04-16 12:00:00,-0.6198316812515259,44.0,-44.619831681251526,44.619831681251526,5
10060,NclShieldsRdMatthewStSouth,2025-04-16 12:15:00,-0.5348124504089355,2.0,-2.5348124504089355,2.5348124504089355,6
10061,NclShieldsRdRobinsonStSouth,2025-04-16 11:00:00,-0.6851904392242432,42.0,-42.68519043922424,42.68519043922424,1
10061,NclShieldsRdRobinsonStSouth,2025-04-16 11:15:00,-0.6400004029273987,2.0,-2.6400004029273987,2.6400004029273987,2
10061,NclShieldsRdRobinsonStSouth,2025-04-16 11:30:00,-0.6513174176216125,1.0,-1.6513174176216125,1.6513174176216125,3
10061,NclShieldsRdRobinsonStSouth,2025-04-16 11:45:00,-0.5877940058708191,59.0,-59.58779400587082,59.58779400587082,4
10061,NclShieldsRdRobinsonStSouth,2025-04-16 12:00:00,-0.5813742280006409,49.0,-49.58137422800064,49.58137422800064,5
10061,NclShieldsRdRobinsonStSouth,2025-04-16 12:15:00,-0.460121750831604,2.0,-2.460121750831604,2.460121750831604,6
10062,NclShieldsRdEdwinStNorth,2025-04-16 11:00:00,-0.6805713772773743,1.0,-1.6805713772773743,1.6805713772773743,1
10062,NclShieldsRdEdwinStNorth,2025-04-16 11:15:00,-0.6376323103904724,26.0,-26.637632310390472,26.637632310390472,2
10062,NclShieldsRdEdwinStNorth,2025-04-16 11:30:00,-0.6501979827880859,1.0,-1.650197982788086,1.650197982788086,3
10062,NclShieldsRdEdwinStNorth,2025-04-16 11:45:00,-0.59181147813797,43.0,-43.59181147813797,43.59181147813797,4
10062,NclShieldsRdEdwinStNorth,2025-04-16 12:00:00,-0.5893938541412354,1.0,-1.5893938541412354,1.5893938541412354,5
10062,NclShieldsRdEdwinStNorth,2025-04-16 12:15:00,-0.4747324585914612,37.0,-37.47473245859146,37.47473245859146,6
10063,NclHeatonParkRdHeatonGrove,2025-04-16 11:00:00,-0.4863744080066681,48.0,-48.48637440800667,48.48637440800667,1
10063,NclHeatonParkRdHeatonGrove,2025-04-16 11:15:00,-0.4836125373840332,1.0,-1.4836125373840332,1.4836125373840332,2
10063,NclHeatonParkRdHeatonGrove,2025-04-16 11:30:00,-0.5154194831848145,41.0,-41.515419483184814,41.515419483184814,3
10063,NclHeatonParkRdHeatonGrove,2025-04-16 11:45:00,-0.5360230803489685,40.0,-40.53602308034897,40.53602308034897,4
10063,NclHeatonParkRdHeatonGrove,2025-04-16 12:00:00,-0.5697615146636963,47.0,-47.569761514663696,47.569761514663696,5
10063,NclHeatonParkRdHeatonGrove,2025-04-16 12:15:00,-0.5591768622398376,33.0,-33.55917686223984,33.55917686223984,6
10064,NclHeatonRdGuildfordPl,2025-04-16 11:00:00,-0.5215811133384705,54.0,-54.52158111333847,54.52158111333847,1
10064,NclHeatonRdGuildfordPl,2025-04-16 11:15:00,-0.5127185583114624,60.0,-60.51271855831146,60.51271855831146,2
10064,NclHeatonRdGuildfordPl,2025-04-16 11:30:00,-0.5428911447525024,47.0,-47.5428911447525,47.5428911447525,3
10064,NclHeatonRdGuildfordPl,2025-04-16 11:45:00,-0.5532320737838745,54.0,-54.553232073783875,54.553232073783875,4
10064,NclHeatonRdGuildfordPl,2025-04-16 12:00:00,-0.5875750184059143,57.0,-57.587575018405914,57.587575018405914,5
10064,NclHeatonRdGuildfordPl,2025-04-16 12:15:00,-0.568337082862854,42.0,-42.568337082862854,42.568337082862854,6
10065,NclShieldsRdCliffordStSouth,2025-04-16 11:00:00,-0.6469703912734985,82.0,-82.6469703912735,82.6469703912735,1
10065,NclShieldsRdCliffordStSouth,2025-04-16 11:15:00,-0.6104815602302551,84.0,-84.61048156023026,84.61048156023026,2
10065,NclShieldsRdCliffordStSouth,2025-04-16 11:30:00,-0.6289898753166199,64.0,-64.62898987531662,64.62898987531662,3
10065,NclShieldsRdCliffordStSouth,2025-04-16 11:45:00,-0.5773962736129761,82.0,-82.57739627361298,82.57739627361298,4
10065,NclShieldsRdCliffordStSouth,2025-04-16 12:00:00,-0.588046669960022,1.0,-1.588046669960022,1.588046669960022,5
10065,NclShieldsRdCliffordStSouth,2025-04-16 12:15:00,-0.49402880668640137,74.0,-74.4940288066864,74.4940288066864,6
10066,NclShieldsRdCliffordStNorth,2025-04-16 11:00:00,-0.6469703912734985,1.0,-1.6469703912734985,1.6469703912734985,1
10066,NclShieldsRdCliffordStNorth,2025-04-16 11:15:00,-0.6104815602302551,2.0,-2.610481560230255,2.610481560230255,2
10066,NclShieldsRdCliffordStNorth,2025-04-16 11:30:00,-0.6289898753166199,49.0,-49.62898987531662,49.62898987531662,3
10066,NclShieldsRdCliffordStNorth,2025-04-16 11:45:00,-0.5773962736129761,45.0,-45.577396273612976,45.577396273612976,4
10066,NclShieldsRdCliffordStNorth,2025-04-16 12:00:00,-0.588046669960022,44.0,-44.58804666996002,44.58804666996002,5
10066,NclShieldsRdCliffordStNorth,2025-04-16 12:15:00,-0.49402880668640137,1.0,-1.4940288066864014,1.4940288066864014,6
10070,NclTownMoorCrossroads,2025-04-16 11:00:00,-0.303818017244339,1.0,-1.303818017244339,1.303818017244339,1
10070,NclTownMoorCrossroads,2025-04-16 11:15:00,-0.2660948634147644,1.0,-1.2660948634147644,1.2660948634147644,2
10070,NclTownMoorCrossroads,2025-04-16 11:30:00,-0.20460505783557892,1.0,-1.204605057835579,1.204605057835579,3
10070,NclTownMoorCrossroads,2025-04-16 11:45:00,-0.16544310748577118,3.0,-3.165443107485771,3.165443107485771,4
10070,NclTownMoorCrossroads,2025-04-16 12:00:00,-0.051555335521698,2.0,-2.051555335521698,2.051555335521698,5
10070,NclTownMoorCrossroads,2025-04-16 12:15:00,0.08160272240638733,2.0,-1.9183972775936127,1.9183972775936127,6
10071,NclShieldsRdRabySt,2025-04-16 11:00:00,-0.4791373014450073,3.0,-3.4791373014450073,3.4791373014450073,1
10071,NclShieldsRdRabySt,2025-04-16 11:15:00,-0.4493129849433899,1.0,-1.44931298494339,1.44931298494339,2
10071,NclShieldsRdRabySt,2025-04-16 11:30:00,-0.45090505480766296,6.0,-6.450905054807663,6.450905054807663,3
10071,NclShieldsRdRabySt,2025-04-16 11:45:00,-0.42889291048049927,1.0,-1.4288929104804993,1.4288929104804993,4
10071,NclShieldsRdRabySt,2025-04-16 12:00:00,-0.43190303444862366,1.0,-1.4319030344486237,1.4319030344486237,5
10071,NclShieldsRdRabySt,2025-04-16 12:15:00,-0.40052682161331177,2.0,-2.4005268216133118,2.4005268216133118,6
10072,NclShieldsRdSquareEast,2025-04-16 11:00:00,-0.303818017244339,11.0,-11.303818017244339,11.303818017244339,1
10072,NclShieldsRdSquareEast,2025-04-16 11:15:00,-0.2660948634147644,1.0,-1.2660948634147644,1.2660948634147644,2
10072,NclShieldsRdSquareEast,2025-04-16 11:30:00,-0.20460505783557892,6.0,-6.204605057835579,6.204605057835579,3
10072,NclShieldsRdSquareEast,2025-04-16 11:45:00,-0.16544310748577118,2.0,-2.165443107485771,2.165443107485771,4
10072,NclShieldsRdSquareEast,2025-04-16 12:00:00,-0.051555335521698,1.0,-1.051555335521698,1.051555335521698,5
10072,NclShieldsRdSquareEast,2025-04-16 12:15:00,0.08160272240638733,2.0,-1.9183972775936127,1.9183972775936127,6
10073,NclShieldsRdSquareWest,2025-04-16 11:00:00,-0.303818017244339,1.0,-1.303818017244339,1.303818017244339,1
10073,NclShieldsRdSquareWest,2025-04-16 11:15:00,-0.2660948634147644,1.0,-1.2660948634147644,1.2660948634147644,2
10073,NclShieldsRdSquareWest,2025-04-16 11:30:00,-0.20460505783557892,11.0,-11.204605057835579,11.204605057835579,3
10073,NclShieldsRdSquareWest,2025-04-16 11:45:00,-0.16544310748577118,1.0,-1.1654431074857712,1.1654431074857712,4
10073,NclShieldsRdSquareWest,2025-04-16 12:00:00,-0.051555335521698,7.0,-7.051555335521698,7.051555335521698,5
10073,NclShieldsRdSquareWest,2025-04-16 12:15:00,0.08160272240638733,5.0,-4.918397277593613,4.918397277593613,6
10074,NclAdelaideTerNicholSt,2025-04-16 10:00:00,-0.5320388674736023,1.0,-1.5320388674736023,1.5320388674736023,1
10074,NclAdelaideTerNicholSt,2025-04-16 10:15:00,-0.5329606533050537,1.0,-1.5329606533050537,1.5329606533050537,2
10074,NclAdelaideTerNicholSt,2025-04-16 10:30:00,-0.5786336064338684,1.0,-1.5786336064338684,1.5786336064338684,3
10074,NclAdelaideTerNicholSt,2025-04-16 10:45:00,-0.6332042217254639,1.0,-1.6332042217254639,1.6332042217254639,4
10074,NclAdelaideTerNicholSt,2025-04-16 11:00:00,-0.6961944103240967,1.0,-1.6961944103240967,1.6961944103240967,5
10074,NclAdelaideTerNicholSt,2025-04-16 11:15:00,-0.7023236155509949,2.0,-2.702323615550995,2.702323615550995,6
10075,NclAdelaideTerGeraldSt,2025-04-16 11:00:00,-0.5320388674736023,59.0,-59.5320388674736,59.5320388674736,1
10075,NclAdelaideTerGeraldSt,2025-04-16 11:15:00,-0.5329606533050537,66.0,-66.53296065330505,66.53296065330505,2
10075,NclAdelaideTerGeraldSt,2025-04-16 11:30:00,-0.5786336064338684,1.0,-1.5786336064338684,1.5786336064338684,3
10075,NclAdelaideTerGeraldSt,2025-04-16 11:45:00,-0.6332042217254639,70.0,-70.63320422172546,70.63320422172546,4
10075,NclAdelaideTerGeraldSt,2025-04-16 12:00:00,-0.6961944103240967,55.0,-55.6961944103241,55.6961944103241,5
10075,NclAdelaideTerGeraldSt,2025-04-16 12:15:00,-0.7023236155509949,1.0,-1.7023236155509949,1.7023236155509949,6
10076,NclAdelaideTerBeechSt,2025-04-16 11:00:00,-0.5321006178855896,1.0,-1.5321006178855896,1.5321006178855896,1
10076,NclAdelaideTerBeechSt,2025-04-16 11:15:00,-0.5330371260643005,26.0,-26.5330371260643,26.5330371260643,2
10076,NclAdelaideTerBeechSt,2025-04-16 11:30:00,-0.578719973564148,24.0,-24.578719973564148,24.578719973564148,3
10076,NclAdelaideTerBeechSt,2025-04-16 11:45:00,-0.6332958936691284,15.0,-15.633295893669128,15.633295893669128,4
10076,NclAdelaideTerBeechSt,2025-04-16 12:00:00,-0.6962891817092896,12.0,-12.69628918170929,12.69628918170929,5
10076,NclAdelaideTerBeechSt,2025-04-16 12:15:00,-0.702394962310791,1.0,-1.702394962310791,1.702394962310791,6
10077,NclAdelaideTerMariaSt,2025-04-16 11:00:00,-0.303818017244339,51.0,-51.30381801724434,51.30381801724434,1
10077,NclAdelaideTerMariaSt,2025-04-16 11:15:00,-0.2660948634147644,2.0,-2.2660948634147644,2.2660948634147644,2
10077,NclAdelaideTerMariaSt,2025-04-16 11:30:00,-0.20460505783557892,1.0,-1.204605057835579,1.204605057835579,3
10077,NclAdelaideTerMariaSt,2025-04-16 11:45:00,-0.16544310748577118,1.0,-1.1654431074857712,1.1654431074857712,4
10077,NclAdelaideTerMariaSt,2025-04-16 12:00:00,-0.051555335521698,43.0,-43.0515553355217,43.0515553355217,5
10077,NclAdelaideTerMariaSt,2025-04-16 12:15:00,0.08160272240638733,55.0,-54.91839727759361,54.91839727759361,6
10078,NclSandyfordRdJesmondRdSouthbound,2025-04-16 11:00:00,-0.4455714225769043,1.0,-1.4455714225769043,1.4455714225769043,1
10078,NclSandyfordRdJesmondRdSouthbound,2025-04-16 11:15:00,-0.4348698854446411,92.0,-92.43486988544464,92.43486988544464,2
10078,NclSandyfordRdJesmondRdSouthbound,2025-04-16 11:30:00,-0.4714101552963257,50.0,-50.471410155296326,50.471410155296326,3
10078,NclSandyfordRdJesmondRdSouthbound,2025-04-16 11:45:00,-0.44513413310050964,83.0,-83.44513413310051,83.44513413310051,4
10078,NclSandyfordRdJesmondRdSouthbound,2025-04-16 12:00:00,-0.49021485447883606,82.0,-82.49021485447884,82.49021485447884,5
10078,NclSandyfordRdJesmondRdSouthbound,2025-04-16 12:15:00,-0.5008179545402527,89.0,-89.50081795454025,89.50081795454025,6
10080,NclSandyfordRdJesmondRdNorthbound,2025-04-16 11:00:00,-0.46045753359794617,35.0,-35.460457533597946,35.460457533597946,1
10080,NclSandyfordRdJesmondRdNorthbound,2025-04-16 11:15:00,-0.44924455881118774,46.0,-46.44924455881119,46.44924455881119,2
10080,NclSandyfordRdJesmondRdNorthbound,2025-04-16 11:30:00,-0.4908672273159027,59.0,-59.4908672273159,59.4908672273159,3
10080,NclSandyfordRdJesmondRdNorthbound,2025-04-16 11:45:00,-0.46654272079467773,47.0,-47.46654272079468,47.46654272079468,4
10080,NclSandyfordRdJesmondRdNorthbound,2025-04-16 12:00:00,-0.5146161317825317,39.0,-39.51461613178253,39.51461613178253,5
10080,NclSandyfordRdJesmondRdNorthbound,2025-04-16 12:15:00,-0.5285497307777405,47.0,-47.52854973077774,47.52854973077774,6
10081,NclJesmondRdAllSaintsCemeteryNorth,2025-04-16 11:00:00,-0.45922037959098816,2.0,-2.459220379590988,2.459220379590988,1
10081,NclJesmondRdAllSaintsCemeteryNorth,2025-04-16 11:15:00,-0.4483295679092407,2.0,-2.4483295679092407,2.4483295679092407,2
10081,NclJesmondRdAllSaintsCemeteryNorth,2025-04-16 11:30:00,-0.4898599088191986,1.0,-1.4898599088191986,1.4898599088191986,3
10081,NclJesmondRdAllSaintsCemeteryNorth,2025-04-16 11:45:00,-0.4669838547706604,4.0,-4.46698385477066,4.46698385477066,4
10081,NclJesmondRdAllSaintsCemeteryNorth,2025-04-16 12:00:00,-0.5148717164993286,3.0,-3.5148717164993286,3.5148717164993286,5
10081,NclJesmondRdAllSaintsCemeteryNorth,2025-04-16 12:15:00,-0.5295273065567017,2.0,-2.5295273065567017,2.5295273065567017,6
10082,NclJesmondRdAllSaintsCemeterySouth,2025-04-16 11:00:00,-0.462399423122406,231.0,-231.4623994231224,231.4623994231224,1
10082,NclJesmondRdAllSaintsCemeterySouth,2025-04-16 11:15:00,-0.45229393243789673,226.0,-226.4522939324379,226.4522939324379,2
10082,NclJesmondRdAllSaintsCemeterySouth,2025-04-16 11:30:00,-0.4943048357963562,239.0,-239.49430483579636,239.49430483579636,3
10082,NclJesmondRdAllSaintsCemeterySouth,2025-04-16 11:45:00,-0.4762764275074005,259.0,-259.4762764275074,259.4762764275074,4
10082,NclJesmondRdAllSaintsCemeterySouth,2025-04-16 12:00:00,-0.5233476161956787,235.0,-235.52334761619568,235.52334761619568,5
10082,NclJesmondRdAllSaintsCemeterySouth,2025-04-16 12:15:00,-0.5383083820343018,232.0,-232.5383083820343,232.5383083820343,6
10083,NclRedHallDrMartelloGardensZebra,2025-04-16 09:45:00,-0.303818017244339,3.0,-3.303818017244339,3.303818017244339,1
10083,NclRedHallDrMartelloGardensZebra,2025-04-16 10:00:00,-0.2660948634147644,4.0,-4.266094863414764,4.266094863414764,2
10083,NclRedHallDrMartelloGardensZebra,2025-04-16 10:30:00,-0.20460505783557892,1.0,-1.204605057835579,1.204605057835579,3
10083,NclRedHallDrMartelloGardensZebra,2025-04-16 10:45:00,-0.16544310748577118,1.0,-1.1654431074857712,1.1654431074857712,4
10083,NclRedHallDrMartelloGardensZebra,2025-04-16 11:00:00,-0.051555335521698,3.0,-3.051555335521698,3.051555335521698,5
10083,NclRedHallDrMartelloGardensZebra,2025-04-16 11:15:00,0.08160272240638733,1.0,-0.9183972775936127,0.9183972775936127,6
10085,NclCoastRdRedHallDr,2025-04-16 10:00:00,-0.4833781123161316,45.0,-45.48337811231613,45.48337811231613,1
10085,NclCoastRdRedHallDr,2025-04-16 10:15:00,-0.43612611293792725,54.0,-54.43612611293793,54.43612611293793,2
10085,NclCoastRdRedHallDr,2025-04-16 10:30:00,-0.44694983959198,54.0,-54.44694983959198,54.44694983959198,3
10085,NclCoastRdRedHallDr,2025-04-16 10:45:00,-0.34538450837135315,54.0,-54.34538450837135,54.34538450837135,4
10085,NclCoastRdRedHallDr,2025-04-16 11:00:00,-0.3457070589065552,57.0,-57.345707058906555,57.345707058906555,5
10085,NclCoastRdRedHallDr,2025-04-16 11:15:00,-0.2620888650417328,51.0,-51.26208886504173,51.26208886504173,6
10086,NclRedHallDrMartelloGardens,2025-04-16 11:00:00,-0.303818017244339,2.0,-2.303818017244339,2.303818017244339,1
10086,NclRedHallDrMartelloGardens,2025-04-16 11:15:00,-0.2660948634147644,3.0,-3.2660948634147644,3.2660948634147644,2
10086,NclRedHallDrMartelloGardens,2025-04-16 11:30:00,-0.20460505783557892,4.0,-4.204605057835579,4.204605057835579,3
10086,NclRedHallDrMartelloGardens,2025-04-16 11:45:00,-0.16544310748577118,5.0,-5.165443107485771,5.165443107485771,4
10086,NclRedHallDrMartelloGardens,2025-04-16 12:00:00,-0.051555335521698,4.0,-4.051555335521698,4.051555335521698,5
10086,NclRedHallDrMartelloGardens,2025-04-16 12:15:00,0.08160272240638733,6.0,-5.918397277593613,5.918397277593613,6
10088,NclStephensonRdHeatonRdNewtonRdSE1,2025-04-16 11:00:00,-0.46121838688850403,21.0,-21.461218386888504,21.461218386888504,1
10088,NclStephensonRdHeatonRdNewtonRdSE1,2025-04-16 11:15:00,-0.4210684299468994,20.0,-20.4210684299469,20.4210684299469,2
10088,NclStephensonRdHeatonRdNewtonRdSE1,2025-04-16 11:30:00,-0.42909055948257446,26.0,-26.429090559482574,26.429090559482574,3
10088,NclStephensonRdHeatonRdNewtonRdSE1,2025-04-16 11:45:00,-0.3615463376045227,35.0,-35.36154633760452,35.36154633760452,4
10088,NclStephensonRdHeatonRdNewtonRdSE1,2025-04-16 12:00:00,-0.36247196793556213,31.0,-31.362471967935562,31.362471967935562,5
10088,NclStephensonRdHeatonRdNewtonRdSE1,2025-04-16 12:15:00,-0.2880564332008362,27.0,-27.288056433200836,27.288056433200836,6
10089,NclStephensonRdHeatonRdNewtonRdSE2,2025-04-16 11:00:00,-0.303818017244339,28.0,-28.30381801724434,28.30381801724434,1
10089,NclStephensonRdHeatonRdNewtonRdSE2,2025-04-16 11:15:00,-0.2660948634147644,25.0,-25.266094863414764,25.266094863414764,2
10089,NclStephensonRdHeatonRdNewtonRdSE2,2025-04-16 11:30:00,-0.20460505783557892,15.0,-15.204605057835579,15.204605057835579,3
10089,NclStephensonRdHeatonRdNewtonRdSE2,2025-04-16 11:45:00,-0.16544310748577118,17.0,-17.16544310748577,17.16544310748577,4
10089,NclStephensonRdHeatonRdNewtonRdSE2,2025-04-16 12:00:00,-0.051555335521698,21.0,-21.051555335521698,21.051555335521698,5
10089,NclStephensonRdHeatonRdNewtonRdSE2,2025-04-16 12:15:00,0.08160272240638733,21.0,-20.918397277593613,20.918397277593613,6
10090,NclStephensonRdHeatonRdNewtonRdSW1,2025-04-16 11:00:00,-0.4580616056919098,1.0,-1.4580616056919098,1.4580616056919098,1
10090,NclStephensonRdHeatonRdNewtonRdSW1,2025-04-16 11:15:00,-0.44060903787612915,29.0,-29.44060903787613,29.44060903787613,2
10090,NclStephensonRdHeatonRdNewtonRdSW1,2025-04-16 11:30:00,-0.4710688292980194,34.0,-34.47106882929802,34.47106882929802,3
10090,NclStephensonRdHeatonRdNewtonRdSW1,2025-04-16 11:45:00,-0.45771387219429016,21.0,-21.45771387219429,21.45771387219429,4
10090,NclStephensonRdHeatonRdNewtonRdSW1,2025-04-16 12:00:00,-0.4838349521160126,31.0,-31.483834952116013,31.483834952116013,5
10090,NclStephensonRdHeatonRdNewtonRdSW1,2025-04-16 12:15:00,-0.47221946716308594,25.0,-25.472219467163086,25.472219467163086,6
10091,NclStephensonRdHeatonRdNewtonRdSW2,2025-04-16 11:00:00,-0.3981699049472809,2.0,-2.398169904947281,2.398169904947281,1
10091,NclStephensonRdHeatonRdNewtonRdSW2,2025-04-16 11:15:00,-0.3248947858810425,1.0,-1.3248947858810425,1.3248947858810425,2
10091,NclStephensonRdHeatonRdNewtonRdSW2,2025-04-16 11:30:00,-0.28496748208999634,2.0,-2.2849674820899963,2.2849674820899963,3
10091,NclStephensonRdHeatonRdNewtonRdSW2,2025-04-16 11:45:00,-0.18337441980838776,2.0,-2.1833744198083878,2.1833744198083878,4
10091,NclStephensonRdHeatonRdNewtonRdSW2,2025-04-16 12:00:00,-0.1124093160033226,1.0,-1.1124093160033226,1.1124093160033226,5
10091,NclStephensonRdHeatonRdNewtonRdSW2,2025-04-16 12:15:00,0.02561069279909134,1.0,-0.9743893072009087,0.9743893072009087,6
10092,NclStephensonRdHeatonRdNewtonRdNE1,2025-04-16 11:00:00,-0.5274057984352112,1.0,-1.5274057984352112,1.5274057984352112,1
10092,NclStephensonRdHeatonRdNewtonRdNE1,2025-04-16 11:15:00,-0.4907630980014801,3.0,-3.49076309800148,3.49076309800148,2
10092,NclStephensonRdHeatonRdNewtonRdNE1,2025-04-16 11:30:00,-0.5151772499084473,1.0,-1.5151772499084473,1.5151772499084473,3
10092,NclStephensonRdHeatonRdNewtonRdNE1,2025-04-16 11:45:00,-0.440569669008255,1.0,-1.440569669008255,1.440569669008255,4
10092,NclStephensonRdHeatonRdNewtonRdNE1,2025-04-16 12:00:00,-0.4585232734680176,6.0,-6.458523273468018,6.458523273468018,5
10092,NclStephensonRdHeatonRdNewtonRdNE1,2025-04-16 12:15:00,-0.3984014093875885,4.0,-4.3984014093875885,4.3984014093875885,6
10093,NclStephensonRdHeatonRdNewtonRdNE2,2025-04-16 11:00:00,-0.303818017244339,20.0,-20.30381801724434,20.30381801724434,1
10093,NclStephensonRdHeatonRdNewtonRdNE2,2025-04-16 11:15:00,-0.2660948634147644,14.0,-14.266094863414764,14.266094863414764,2
10093,NclStephensonRdHeatonRdNewtonRdNE2,2025-04-16 11:30:00,-0.20460505783557892,15.0,-15.204605057835579,15.204605057835579,3
10093,NclStephensonRdHeatonRdNewtonRdNE2,2025-04-16 11:45:00,-0.16544310748577118,29.0,-29.16544310748577,29.16544310748577,4
10093,NclStephensonRdHeatonRdNewtonRdNE2,2025-04-16 12:00:00,-0.051555335521698,9.0,-9.051555335521698,9.051555335521698,5
10093,NclStephensonRdHeatonRdNewtonRdNE2,2025-04-16 12:15:00,0.08160272240638733,18.0,-17.918397277593613,17.918397277593613,6
10094,NclStephensonRdHeatonRdNewtonRdNE3,2025-04-16 11:00:00,-0.45760658383369446,17.0,-17.457606583833694,17.457606583833694,1
10094,NclStephensonRdHeatonRdNewtonRdNE3,2025-04-16 11:15:00,-0.42339327931404114,1.0,-1.4233932793140411,1.4233932793140411,2
10094,NclStephensonRdHeatonRdNewtonRdNE3,2025-04-16 11:30:00,-0.4342409670352936,1.0,-1.4342409670352936,1.4342409670352936,3
10094,NclStephensonRdHeatonRdNewtonRdNE3,2025-04-16 11:45:00,-0.3720886707305908,4.0,-4.372088670730591,4.372088670730591,4
10094,NclStephensonRdHeatonRdNewtonRdNE3,2025-04-16 12:00:00,-0.3787566125392914,6.0,-6.378756612539291,6.378756612539291,5
10094,NclStephensonRdHeatonRdNewtonRdNE3,2025-04-16 12:15:00,-0.3151629567146301,2.0,-2.31516295671463,2.31516295671463,6
10095,NclJesmondRdAkensideTerrace,2025-04-16 11:00:00,-0.28386446833610535,2.0,-2.2838644683361053,2.2838644683361053,1
10095,NclJesmondRdAkensideTerrace,2025-04-16 11:15:00,-0.16808483004570007,1.0,-1.1680848300457,1.1680848300457,2
10095,NclJesmondRdAkensideTerrace,2025-04-16 11:30:00,-0.049064815044403076,1.0,-1.049064815044403,1.049064815044403,3
10095,NclJesmondRdAkensideTerrace,2025-04-16 11:45:00,0.04774044454097748,5.0,-4.9522595554590225,4.9522595554590225,4
10095,NclJesmondRdAkensideTerrace,2025-04-16 12:00:00,0.17796705663204193,2.0,-1.822032943367958,1.822032943367958,5
10095,NclJesmondRdAkensideTerrace,2025-04-16 12:15:00,0.3481088876724243,4.0,-3.6518911123275757,3.6518911123275757,6
10096,NclStephensonRdHeatonRdNewtonRdNE4,2025-04-16 11:00:00,-0.5274835228919983,22.0,-22.527483522892,22.527483522892,1
10096,NclStephensonRdHeatonRdNewtonRdNE4,2025-04-16 11:15:00,-0.49072906374931335,29.0,-29.490729063749313,29.490729063749313,2
10096,NclStephensonRdHeatonRdNewtonRdNE4,2025-04-16 11:30:00,-0.5150773525238037,21.0,-21.515077352523804,21.515077352523804,3
10096,NclStephensonRdHeatonRdNewtonRdNE4,2025-04-16 11:45:00,-0.4401260316371918,21.0,-21.44012603163719,21.44012603163719,4
10096,NclStephensonRdHeatonRdNewtonRdNE4,2025-04-16 12:00:00,-0.4579719305038452,31.0,-31.457971930503845,31.457971930503845,5
10096,NclStephensonRdHeatonRdNewtonRdNE4,2025-04-16 12:15:00,-0.39764317870140076,23.0,-23.3976431787014,23.3976431787014,6
10097,NclSideMilburnHouse,2025-04-16 11:00:00,-0.303818017244339,19.0,-19.30381801724434,19.30381801724434,1
10097,NclSideMilburnHouse,2025-04-16 11:15:00,-0.2660948634147644,1.0,-1.2660948634147644,1.2660948634147644,2
10097,NclSideMilburnHouse,2025-04-16 11:30:00,-0.20460505783557892,13.0,-13.204605057835579,13.204605057835579,3
10097,NclSideMilburnHouse,2025-04-16 11:45:00,-0.16544310748577118,1.0,-1.1654431074857712,1.1654431074857712,4
10097,NclSideMilburnHouse,2025-04-16 12:00:00,-0.051555335521698,20.0,-20.051555335521698,20.051555335521698,5
10097,NclSideMilburnHouse,2025-04-16 12:15:00,0.08160272240638733,14.0,-13.918397277593613,13.918397277593613,6
10098,NclBarrasBridgeCivicCentre,2025-04-16 11:00:00,-0.42979973554611206,1.0,-1.429799735546112,1.429799735546112,1
10098,NclBarrasBridgeCivicCentre,2025-04-16 11:15:00,-0.4222967326641083,3.0,-3.4222967326641083,3.4222967326641083,2
10098,NclBarrasBridgeCivicCentre,2025-04-16 11:30:00,-0.44150564074516296,7.0,-7.441505640745163,7.441505640745163,3
10098,NclBarrasBridgeCivicCentre,2025-04-16 11:45:00,-0.4510021507740021,4.0,-4.451002150774002,4.451002150774002,4
10098,NclBarrasBridgeCivicCentre,2025-04-16 12:00:00,-0.4721790552139282,1.0,-1.4721790552139282,1.4721790552139282,5
10098,NclBarrasBridgeCivicCentre,2025-04-16 12:15:00,-0.4514092206954956,1.0,-1.4514092206954956,1.4514092206954956,6
10099,NclQuaysideMarinersWharfHadriansWallPath,2025-04-16 11:00:00,-0.303818017244339,1.0,-1.303818017244339,1.303818017244339,1
10099,NclQuaysideMarinersWharfHadriansWallPath,2025-04-16 11:15:00,-0.2660948634147644,1.0,-1.2660948634147644,1.2660948634147644,2
10099,NclQuaysideMarinersWharfHadriansWallPath,2025-04-16 11:30:00,-0.20460505783557892,3.0,-3.204605057835579,3.204605057835579,3
10099,NclQuaysideMarinersWharfHadriansWallPath,2025-04-16 11:45:00,-0.16544310748577118,3.0,-3.165443107485771,3.165443107485771,4
10099,NclQuaysideMarinersWharfHadriansWallPath,2025-04-16 12:00:00,-0.051555335521698,4.0,-4.051555335521698,4.051555335521698,5
10099,NclQuaysideMarinersWharfHadriansWallPath,2025-04-16 12:15:00,0.08160272240638733,3.0,-2.9183972775936127,2.9183972775936127,6
10100,NclHeberSt,2025-04-16 11:00:00,-0.303818017244339,1.0,-1.303818017244339,1.303818017244339,1
10100,NclHeberSt,2025-04-16 11:15:00,-0.2660948634147644,1.0,-1.2660948634147644,1.2660948634147644,2
10100,NclHeberSt,2025-04-16 11:30:00,-0.20460505783557892,2.0,-2.204605057835579,2.204605057835579,3
10100,NclHeberSt,2025-04-16 11:45:00,-0.16544310748577118,1.0,-1.1654431074857712,1.1654431074857712,4
10100,NclHeberSt,2025-04-16 12:00:00,-0.051555335521698,2.0,-2.051555335521698,2.051555335521698,5
10100,NclHeberSt,2025-04-16 12:15:00,0.08160272240638733,1.0,-0.9183972775936127,0.9183972775936127,6
10101,NclFalconarStLoversLn,2025-04-16 11:00:00,-0.4017890989780426,1.0,-1.4017890989780426,1.4017890989780426,1
10101,NclFalconarStLoversLn,2025-04-16 11:15:00,-0.4016970098018646,4.0,-4.401697009801865,4.401697009801865,2
10101,NclFalconarStLoversLn,2025-04-16 11:30:00,-0.42449483275413513,5.0,-5.424494832754135,5.424494832754135,3
10101,NclFalconarStLoversLn,2025-04-16 11:45:00,-0.4561869502067566,3.0,-3.4561869502067566,3.4561869502067566,4
10101,NclFalconarStLoversLn,2025-04-16 12:00:00,-0.48111799359321594,5.0,-5.481117993593216,5.481117993593216,5
10101,NclFalconarStLoversLn,2025-04-16 12:15:00,-0.4741179347038269,1.0,-1.474117934703827,1.474117934703827,6
10102,NclStephensonRdHeatonRdNewtonRdSE3,2025-04-16 11:00:00,-0.509943425655365,301.0,-301.50994342565536,301.50994342565536,1
10102,NclStephensonRdHeatonRdNewtonRdSE3,2025-04-16 11:15:00,-0.481502890586853,338.0,-338.48150289058685,338.48150289058685,2
10102,NclStephensonRdHeatonRdNewtonRdSE3,2025-04-16 11:30:00,-0.5120426416397095,329.0,-329.5120426416397,329.5120426416397,3
10102,NclStephensonRdHeatonRdNewtonRdSE3,2025-04-16 11:45:00,-0.4645543396472931,365.0,-365.4645543396473,365.4645543396473,4
10102,NclStephensonRdHeatonRdNewtonRdSE3,2025-04-16 12:00:00,-0.4897283613681793,343.0,-343.4897283613682,343.4897283613682,5
10102,NclStephensonRdHeatonRdNewtonRdSE3,2025-04-16 12:15:00,-0.450682669878006,325.0,-325.450682669878,325.450682669878,6
10103,NclStephensonRdHeatonRdNewtonRd,2025-04-16 11:00:00,-0.5221863389015198,2.0,-2.5221863389015198,2.5221863389015198,1
10103,NclStephensonRdHeatonRdNewtonRd,2025-04-16 11:15:00,-0.4884405732154846,3.0,-3.4884405732154846,3.4884405732154846,2
10103,NclStephensonRdHeatonRdNewtonRd,2025-04-16 11:30:00,-0.5155118703842163,1.0,-1.5155118703842163,1.5155118703842163,3
10103,NclStephensonRdHeatonRdNewtonRd,2025-04-16 11:45:00,-0.44940510392189026,330.0,-330.4494051039219,330.4494051039219,4
10103,NclStephensonRdHeatonRdNewtonRd,2025-04-16 12:00:00,-0.4706737697124481,1.0,-1.4706737697124481,1.4706737697124481,5
10103,NclStephensonRdHeatonRdNewtonRd,2025-04-16 12:15:00,-0.41772568225860596,3.0,-3.417725682258606,3.417725682258606,6
