node_id,sensor_name,timestamp,prediction,actual,horizon,error,abs_error
10000,NclConventRdOrdCtANPR,2025-04-30 16:15:00,-0.13872262835502625,-0.32982907312977783,1,0.19110644477475158,0.19110644477475158
10000,NclConventRdOrdCtANPR,2025-04-30 16:30:00,-0.1939140409231186,-0.42270801780402734,2,0.22879397688090874,0.22879397688090874
10000,NclConventRdOrdCtANPR,2025-04-30 16:45:00,-0.108001209795475,-0.2833896007926531,3,0.17538839099717807,0.17538839099717807
10000,NclConventRdOrdCtANPR,2025-04-30 17:00:00,-0.18898393213748932,-0.5155869624782768,4,0.3266030303407875,0.3266030303407875
10000,NclConventRdOrdCtANPR,2025-04-30 17:15:00,-0.20472092926502228,-0.32982907312977783,5,0.12510814386475555,0.12510814386475555
10000,NclConventRdOrdCtANPR,2025-04-30 17:30:00,-0.11383011937141418,-0.3762685454669026,6,0.2624384260954884,0.2624384260954884
10003,NclCastleFarm,2025-04-30 16:15:00,-0.139274001121521,0.5060814289384676,1,-0.6453554300599886,0.6453554300599886
10003,NclCastleFarm,2025-04-30 16:30:00,-0.1950225830078125,-0.004752766769904586,2,-0.19026981623790792,0.19026981623790792
10003,NclCastleFarm,2025-04-30 16:45:00,-0.10848604142665863,-0.004752766769904586,3,-0.10373327465675404,0.10373327465675404
10003,NclCastleFarm,2025-04-30 17:00:00,-0.19015845656394958,0.3203235395899687,4,-0.5104819961539182,0.5104819961539182
10003,NclCastleFarm,2025-04-30 17:15:00,-0.20287641882896423,0.08812617790434492,5,-0.29100259673330914,0.29100259673330914
10003,NclCastleFarm,2025-04-30 17:30:00,-0.11532150208950043,0.4132024842642182,6,-0.5285239863537186,0.5285239863537186
10009,NclMowbrayStStratfordRdANPR,2025-04-30 16:15:00,-0.12297984957695007,-0.32982907312977783,1,0.20684922355282775,0.20684922355282775
10009,NclMowbrayStStratfordRdANPR,2025-04-30 16:30:00,-0.1781812608242035,-0.2833896007926531,2,0.10520833996844958,0.10520833996844958
10009,NclMowbrayStStratfordRdANPR,2025-04-30 16:45:00,-0.09129340946674347,-0.09763171144415408,3,0.006338301977410615,0.006338301977410615
10009,NclMowbrayStStratfordRdANPR,2025-04-30 17:00:00,-0.17825554311275482,-0.05119223910702934,4,-0.1270633040057255,0.1270633040057255
10009,NclMowbrayStStratfordRdANPR,2025-04-30 17:15:00,-0.18678532540798187,-0.32982907312977783,5,0.14304374772179596,0.14304374772179596
10009,NclMowbrayStStratfordRdANPR,2025-04-30 17:30:00,-0.10225851088762283,-0.5620264348154016,6,0.45976792392777877,0.45976792392777877
10011,NclQueenVictoriaRdPercyBuilding,2025-04-30 16:15:00,-0.113152876496315,-0.5620264348154016,1,0.4488735583190866,0.4488735583190866
10011,NclQueenVictoriaRdPercyBuilding,2025-04-30 16:30:00,-0.1682843267917633,-0.5155869624782768,2,0.34730263568651354,0.34730263568651354
10011,NclQueenVictoriaRdPercyBuilding,2025-04-30 16:45:00,-0.0808449536561966,-0.5620264348154016,3,0.481181481159205,0.481181481159205
10011,NclQueenVictoriaRdPercyBuilding,2025-04-30 17:00:00,-0.168626070022583,0.2738840672528439,4,-0.44251013727542693,0.44251013727542693
10011,NclQueenVictoriaRdPercyBuilding,2025-04-30 17:15:00,-0.18394309282302856,-0.3762685454669026,5,0.19232545264387402,0.19232545264387402
10011,NclQueenVictoriaRdPercyBuilding,2025-04-30 17:30:00,-0.0913199931383133,-0.4691474901411521,6,0.3778274970028388,0.3778274970028388
10018,NclHeatonParkRdWandsworthRd,2025-04-30 16:15:00,-0.11995505541563034,-0.004752766769904586,1,-0.11520228864572575,0.11520228864572575
10018,NclHeatonParkRdWandsworthRd,2025-04-30 16:30:00,-0.17507964372634888,0.2738840672528439,2,-0.4489637109791928,0.4489637109791928
10018,NclHeatonParkRdWandsworthRd,2025-04-30 16:45:00,-0.08819718658924103,-0.004752766769904586,3,-0.08344441981933644,0.08344441981933644
10018,NclHeatonParkRdWandsworthRd,2025-04-30 17:00:00,-0.1759878247976303,-0.32982907312977783,4,0.15384124833214752,0.15384124833214752
10018,NclHeatonParkRdWandsworthRd,2025-04-30 17:15:00,-0.18381169438362122,-0.23695012845552835,5,0.05313843407190713,0.05313843407190713
10018,NclHeatonParkRdWandsworthRd,2025-04-30 17:30:00,-0.09986957907676697,-0.3762685454669026,6,0.2763989663901356,0.2763989663901356
10022,NclCypressAveGreenway,2025-04-30 16:15:00,-0.2328769564628601,-0.42270801780402734,1,0.18983106134116723,0.18983106134116723
10022,NclCypressAveGreenway,2025-04-30 16:30:00,-0.24339589476585388,-0.5620264348154016,2,0.3186305400495477,0.3186305400495477
10022,NclCypressAveGreenway,2025-04-30 16:45:00,-0.24629098176956177,-0.5155869624782768,3,0.2692959807087151,0.2692959807087151
10022,NclCypressAveGreenway,2025-04-30 17:00:00,-0.2606273293495178,-0.4691474901411521,4,0.20852016079163427,0.20852016079163427
10022,NclCypressAveGreenway,2025-04-30 17:15:00,-0.27649012207984924,-0.5155869624782768,5,0.2390968403984276,0.2390968403984276
10022,NclCypressAveGreenway,2025-04-30 17:30:00,-0.28728926181793213,-0.5620264348154016,6,0.27473717299746947,0.27473717299746947
10024,NclQuaysideUnderHighLevelBridge,2025-04-30 16:15:00,-0.10469140857458115,2.4100997947605824,1,-2.5147912033351636,2.5147912033351636
10024,NclQuaysideUnderHighLevelBridge,2025-04-30 16:30:00,-0.15731772780418396,2.317220850086333,2,-2.474538577890517,2.474538577890517
10024,NclQuaysideUnderHighLevelBridge,2025-04-30 16:45:00,-0.07161343097686768,2.8280550457947053,3,-2.899668476771573,2.899668476771573
10024,NclQuaysideUnderHighLevelBridge,2025-04-30 17:00:00,-0.1602170169353485,2.2707813777492083,4,-2.430998394684557,2.430998394684557
10024,NclQuaysideUnderHighLevelBridge,2025-04-30 17:15:00,-0.17790834605693817,1.8528261267150856,5,-2.030734472772024,2.030734472772024
10024,NclQuaysideUnderHighLevelBridge,2025-04-30 17:30:00,-0.08402813971042633,2.177902433074959,6,-2.2619305727853853,2.2619305727853853
10025,NclJohnDobsonStRidleyPl,2025-04-30 16:15:00,-0.10479855537414551,1.9457050713893351,1,-2.0505036267634806,2.0505036267634806
10025,NclJohnDobsonStRidleyPl,2025-04-30 16:30:00,-0.15746155381202698,1.3419919310067132,2,-1.4994534848187402,1.4994534848187402
10025,NclJohnDobsonStRidleyPl,2025-04-30 16:45:00,-0.07172020524740219,1.4813103480180876,3,-1.5530305532654898,1.5530305532654898
10025,NclJohnDobsonStRidleyPl,2025-04-30 17:00:00,-0.16039258241653442,0.9704761523097153,4,-1.1308687347262496,1.1308687347262496
10025,NclJohnDobsonStRidleyPl,2025-04-30 17:15:00,-0.17804473638534546,0.4132024842642182,5,-0.5912472206495636,0.5912472206495636
10025,NclJohnDobsonStRidleyPl,2025-04-30 17:30:00,-0.0841149240732193,0.5989603736127171,6,-0.6830752976859364,0.6830752976859364
10027,NclKingswayQueenswayANPR,2025-04-30 16:15:00,-0.23746059834957123,-0.42270801780402734,1,0.1852474194544561,0.1852474194544561
10027,NclKingswayQueenswayANPR,2025-04-30 16:30:00,-0.24603848159313202,-0.32982907312977783,2,0.08379059153664581,0.08379059153664581
10027,NclKingswayQueenswayANPR,2025-04-30 16:45:00,-0.25189417600631714,-0.3762685454669026,3,0.12437436946058544,0.12437436946058544
10027,NclKingswayQueenswayANPR,2025-04-30 17:00:00,-0.2645063102245331,-0.5155869624782768,4,0.25108065225374376,0.25108065225374376
10027,NclKingswayQueenswayANPR,2025-04-30 17:15:00,-0.28058961033821106,-0.42270801780402734,5,0.14211840746581628,0.14211840746581628
10027,NclKingswayQueenswayANPR,2025-04-30 17:30:00,-0.2899750769138336,-0.4691474901411521,6,0.17917241322731847,0.17917241322731847
10028,NclHeatonParkViewHeatonParkRd,2025-04-30 16:15:00,-0.11995506286621094,0.6918393182869667,1,-0.8117943811531776,0.8117943811531776
10028,NclHeatonParkViewHeatonParkRd,2025-04-30 16:30:00,-0.17507964372634888,0.7847182629612163,2,-0.9597979066875651,0.9597979066875651
10028,NclHeatonParkViewHeatonParkRd,2025-04-30 16:45:00,-0.08819718658924103,0.5989603736127171,3,-0.6871575602019582,0.6871575602019582
10028,NclHeatonParkViewHeatonParkRd,2025-04-30 17:00:00,-0.1759878396987915,0.5060814289384676,4,-0.6820692686372591,0.6820692686372591
10028,NclHeatonParkViewHeatonParkRd,2025-04-30 17:15:00,-0.18381167948246002,0.831157735298341,5,-1.014969414780801,1.014969414780801
10028,NclHeatonParkViewHeatonParkRd,2025-04-30 17:30:00,-0.09986956417560577,0.4132024842642182,6,-0.5130720484398239,0.5130720484398239
10030,NclQueenVictoriaRdBedsonBuilding,2025-04-30 16:15:00,-0.11305209249258041,-0.5620264348154016,1,0.4489743423228212,0.4489743423228212
10030,NclQueenVictoriaRdBedsonBuilding,2025-04-30 16:30:00,-0.17088496685028076,-0.5620264348154016,2,0.39114146796512084,0.39114146796512084
10030,NclQueenVictoriaRdBedsonBuilding,2025-04-30 16:45:00,-0.08589619398117065,-0.5620264348154016,3,0.47613024083423094,0.47613024083423094
10030,NclQueenVictoriaRdBedsonBuilding,2025-04-30 17:00:00,-0.15524891018867493,-0.5620264348154016,4,0.40677752462672667,0.40677752462672667
10030,NclQueenVictoriaRdBedsonBuilding,2025-04-30 17:15:00,-0.1806800216436386,-0.4691474901411521,5,0.2884674684975135,0.2884674684975135
10030,NclQueenVictoriaRdBedsonBuilding,2025-04-30 17:30:00,-0.09957131743431091,-0.5155869624782768,6,0.41601564504396593,0.41601564504396593
10037,NclPilgrimStMarketLn,2025-04-30 16:15:00,-0.10477592051029205,2.6422971564462063,1,-2.7470730769564984,2.7470730769564984
10037,NclPilgrimStMarketLn,2025-04-30 16:30:00,-0.15742027759552002,2.735176101120456,2,-2.892596378715976,2.892596378715976
10037,NclPilgrimStMarketLn,2025-04-30 16:45:00,-0.07168635725975037,1.5277498203552122,3,-1.5994361776149626,1.5994361776149626
10037,NclPilgrimStMarketLn,2025-04-30 17:00:00,-0.16035965085029602,1.7135077097037112,4,-1.8738673605540073,1.8738673605540073
10037,NclPilgrimStMarketLn,2025-04-30 17:15:00,-0.17797911167144775,1.574189292692337,5,-1.7521684043637848,1.7521684043637848
10037,NclPilgrimStMarketLn,2025-04-30 17:30:00,-0.08408687263727188,2.177902433074959,6,-2.261989305712231,2.261989305712231
10038,NclSwingBridgeWest,2025-04-30 16:15:00,-0.1047014445066452,1.202673513995339,1,-1.3073749585019843,1.3073749585019843
10038,NclSwingBridgeWest,2025-04-30 16:30:00,-0.15732638537883759,1.4813103480180876,2,-1.6386367333969252,1.6386367333969252
10038,NclSwingBridgeWest,2025-04-30 16:45:00,-0.07161868363618851,1.4813103480180876,3,-1.552929031654276,1.552929031654276
10038,NclSwingBridgeWest,2025-04-30 17:00:00,-0.16022926568984985,1.5277498203552122,4,-1.687979086045062,1.687979086045062
10038,NclSwingBridgeWest,2025-04-30 17:15:00,-0.17791330814361572,1.9921445437264598,5,-2.1700578518700757,2.1700578518700757
10038,NclSwingBridgeWest,2025-04-30 17:30:00,-0.08403322100639343,1.063355096983965,6,-1.1473883179903583,1.1473883179903583
10046,NclNorhamRdCoquetAveANPR,2025-04-30 16:15:00,-0.14459510147571564,-0.42270801780402734,1,0.2781129163283117,0.2781129163283117
10046,NclNorhamRdCoquetAveANPR,2025-04-30 16:30:00,-0.2002570629119873,-0.2833896007926531,2,0.08313253788066577,0.08313253788066577
10046,NclNorhamRdCoquetAveANPR,2025-04-30 16:45:00,-0.11423742026090622,-0.4691474901411521,3,0.35491006988024587,0.35491006988024587
10046,NclNorhamRdCoquetAveANPR,2025-04-30 17:00:00,-0.19355614483356476,-999.0,4,,
10046,NclNorhamRdCoquetAveANPR,2025-04-30 17:15:00,-0.2080153375864029,-999.0,5,,
10046,NclNorhamRdCoquetAveANPR,2025-04-30 17:30:00,-0.11951398849487305,-999.0,6,,
10047,NclArmstrongBrgJesmondParkW,2025-04-30 16:15:00,-0.24485909938812256,-0.2833896007926531,1,0.038530501404530515,0.038530501404530515
10047,NclArmstrongBrgJesmondParkW,2025-04-30 16:30:00,-0.2500729560852051,-0.1905106561184036,2,-0.059562299966801485,0.059562299966801485
10047,NclArmstrongBrgJesmondParkW,2025-04-30 16:45:00,-0.2579471468925476,0.1810051225785944,3,-0.438952269471142,0.438952269471142
10047,NclArmstrongBrgJesmondParkW,2025-04-30 17:00:00,-0.27072545886039734,-0.14407118378127884,4,-0.1266542750791185,0.1266542750791185
10047,NclArmstrongBrgJesmondParkW,2025-04-30 17:15:00,-0.2871518135070801,-0.3762685454669026,5,0.0891167319598225,0.0891167319598225
10047,NclArmstrongBrgJesmondParkW,2025-04-30 17:30:00,-0.29312726855278015,-0.004752766769904586,6,-0.28837450178287555,0.28837450178287555
10048,NclOsborneHaldane,2025-04-30 16:15:00,-0.11996251344680786,0.041686705567220164,1,-0.161649219014028,0.161649219014028
10048,NclOsborneHaldane,2025-04-30 16:30:00,-0.17500923573970795,0.4132024842642182,2,-0.5882117200039261,0.5882117200039261
10048,NclOsborneHaldane,2025-04-30 16:45:00,-0.08814986050128937,0.041686705567220164,3,-0.12983656606850952,0.12983656606850952
10048,NclOsborneHaldane,2025-04-30 17:00:00,-0.1759646236896515,0.1810051225785944,4,-0.3569697462682459,0.3569697462682459
10048,NclOsborneHaldane,2025-04-30 17:15:00,-0.18374505639076233,-0.23695012845552835,5,0.05320507206476602,0.05320507206476602
10048,NclOsborneHaldane,2025-04-30 17:30:00,-0.09981391578912735,0.1810051225785944,6,-0.28081903836772176,0.28081903836772176
10054,NclNinthAveSecondAve,2025-04-30 16:15:00,-0.12748903036117554,-0.2833896007926531,1,0.15590057043147754,0.15590057043147754
10054,NclNinthAveSecondAve,2025-04-30 16:30:00,-0.18282419443130493,-0.42270801780402734,2,0.2398838233727224,0.2398838233727224
10054,NclNinthAveSecondAve,2025-04-30 16:45:00,-0.09599892795085907,-0.3762685454669026,3,0.2802696175160435,0.2802696175160435
10054,NclNinthAveSecondAve,2025-04-30 17:00:00,-0.18155108392238617,-0.5620264348154016,4,0.38047535089301543,0.38047535089301543
10054,NclNinthAveSecondAve,2025-04-30 17:15:00,-0.19125710427761078,-0.42270801780402734,5,0.23145091352641656,0.23145091352641656
10054,NclNinthAveSecondAve,2025-04-30 17:30:00,-0.10585764050483704,-0.3762685454669026,6,0.27041090496206555,0.27041090496206555
10055,NclTenthAveSecondAve,2025-04-30 16:15:00,-0.13641968369483948,-0.4691474901411521,1,0.3327278064463126,0.3327278064463126
10055,NclTenthAveSecondAve,2025-04-30 16:30:00,-0.19200798869132996,-0.5620264348154016,2,0.37001844612407164,0.37001844612407164
10055,NclTenthAveSecondAve,2025-04-30 16:45:00,-0.10535702854394913,-0.5620264348154016,3,0.45666940627145247,0.45666940627145247
10055,NclTenthAveSecondAve,2025-04-30 17:00:00,-0.18801623582839966,-0.5620264348154016,4,0.37401019898700194,0.37401019898700194
10055,NclTenthAveSecondAve,2025-04-30 17:15:00,-0.2000349909067154,-0.5155869624782768,5,0.31555197157156145,0.31555197157156145
10055,NclTenthAveSecondAve,2025-04-30 17:30:00,-0.1129647046327591,-0.42270801780402734,6,0.30974331317126824,0.30974331317126824
10056,NclRavenswoodRdWest,2025-04-30 16:15:00,-0.137868732213974,-0.5155869624782768,1,0.37771823026430285,0.37771823026430285
10056,NclRavenswoodRdWest,2025-04-30 16:30:00,-0.19352668523788452,-0.1905106561184036,2,-0.0030160291194809286,0.0030160291194809286
10056,NclRavenswoodRdWest,2025-04-30 16:45:00,-0.10694105923175812,-0.3762685454669026,3,0.26932748623514446,0.26932748623514446
10056,NclRavenswoodRdWest,2025-04-30 17:00:00,-0.18908944725990295,-0.42270801780402734,4,0.23361857054412438,0.23361857054412438
10056,NclRavenswoodRdWest,2025-04-30 17:15:00,-0.2014533132314682,-0.42270801780402734,5,0.22125470457255914,0.22125470457255914
10056,NclRavenswoodRdWest,2025-04-30 17:30:00,-0.11415261030197144,-0.5155869624782768,6,0.4014343521763054,0.4014343521763054
10057,NclRavenswoodRdStanmoreRd,2025-04-30 16:15:00,-0.13784761726856232,-0.2833896007926531,1,0.14554198352409076,0.14554198352409076
10057,NclRavenswoodRdStanmoreRd,2025-04-30 16:30:00,-0.19350673258304596,-0.5620264348154016,2,0.36851970223235564,0.36851970223235564
10057,NclRavenswoodRdStanmoreRd,2025-04-30 16:45:00,-0.10692644119262695,-0.3762685454669026,3,0.26934210427427563,0.26934210427427563
10057,NclRavenswoodRdStanmoreRd,2025-04-30 17:00:00,-0.18908053636550903,-0.5620264348154016,4,0.37294589844989257,0.37294589844989257
10057,NclRavenswoodRdStanmoreRd,2025-04-30 17:15:00,-0.20142441987991333,-0.5155869624782768,5,0.3141625425983635,0.3141625425983635
10057,NclRavenswoodRdStanmoreRd,2025-04-30 17:30:00,-0.11414171010255814,-0.5620264348154016,6,0.44788472471284346,0.44788472471284346
10058,NclForsythRdBrentwoodAve,2025-04-30 16:15:00,-0.11998702585697174,1.1097945693210896,1,-1.2297815951780613,1.2297815951780613
10058,NclForsythRdBrentwoodAve,2025-04-30 16:30:00,-0.17512927949428558,0.8775972076354658,2,-1.0527264871297515,1.0527264871297515
10058,NclForsythRdBrentwoodAve,2025-04-30 16:45:00,-0.08818911015987396,0.7847182629612163,3,-0.8729073731210902,0.8729073731210902
10058,NclForsythRdBrentwoodAve,2025-04-30 17:00:00,-0.17604564130306244,1.388431403343838,4,-1.5644770446469005,1.5644770446469005
10058,NclForsythRdBrentwoodAve,2025-04-30 17:15:00,-0.1838422566652298,0.831157735298341,5,-1.0149999919635708,1.0149999919635708
10058,NclForsythRdBrentwoodAve,2025-04-30 17:30:00,-0.09989272058010101,0.6453998459498419,6,-0.7452925665299429,0.7452925665299429
10059,NclShieldsRdRobinsonStNorth,2025-04-30 16:15:00,-0.11996147036552429,0.6918393182869667,1,-0.811800788652491,0.811800788652491
10059,NclShieldsRdRobinsonStNorth,2025-04-30 16:30:00,-0.1751031130552292,0.4132024842642182,2,-0.5883055973194473,0.5883055973194473
10059,NclShieldsRdRobinsonStNorth,2025-04-30 16:45:00,-0.08819589018821716,0.6453998459498419,3,-0.7335957361380591,0.7335957361380591
10059,NclShieldsRdRobinsonStNorth,2025-04-30 17:00:00,-0.1760087013244629,0.4132024842642182,4,-0.589211185588681,0.589211185588681
10059,NclShieldsRdRobinsonStNorth,2025-04-30 17:15:00,-0.18384839594364166,0.3203235395899687,5,-0.5041719355336103,0.5041719355336103
10059,NclShieldsRdRobinsonStNorth,2025-04-30 17:30:00,-0.09987177699804306,0.041686705567220164,6,-0.1415584825652632,0.1415584825652632
10060,NclShieldsRdMatthewStSouth,2025-04-30 16:15:00,-0.12000036239624023,-0.14407118378127884,1,0.024070821385038604,0.024070821385038604
10060,NclShieldsRdMatthewStSouth,2025-04-30 16:30:00,-0.17515155673027039,0.041686705567220164,2,-0.21683826229749054,0.21683826229749054
10060,NclShieldsRdMatthewStSouth,2025-04-30 16:45:00,-0.08819585293531418,-0.23695012845552835,3,0.14875427552021417,0.14875427552021417
10060,NclShieldsRdMatthewStSouth,2025-04-30 17:00:00,-0.17606014013290405,-0.32982907312977783,4,0.15376893299687378,0.15376893299687378
10060,NclShieldsRdMatthewStSouth,2025-04-30 17:15:00,-0.1838780790567398,0.041686705567220164,5,-0.22556478462395996,0.22556478462395996
10060,NclShieldsRdMatthewStSouth,2025-04-30 17:30:00,-0.09989779442548752,-0.004752766769904586,6,-0.09514502765558293,0.09514502765558293
10061,NclShieldsRdRobinsonStSouth,2025-04-30 16:15:00,-0.1199614629149437,0.08812617790434492,1,-0.2080876408192886,0.2080876408192886
10061,NclShieldsRdRobinsonStSouth,2025-04-30 16:30:00,-0.1751031130552292,0.2738840672528439,2,-0.4489871803080731,0.4489871803080731
10061,NclShieldsRdRobinsonStSouth,2025-04-30 16:45:00,-0.08819589018821716,0.1810051225785944,3,-0.2692010127668116,0.2692010127668116
10061,NclShieldsRdRobinsonStSouth,2025-04-30 17:00:00,-0.1760087013244629,0.13456565024146966,4,-0.31057435156593255,0.31057435156593255
10061,NclShieldsRdRobinsonStSouth,2025-04-30 17:15:00,-0.18384838104248047,-0.23695012845552835,5,0.05310174741304788,0.05310174741304788
10061,NclShieldsRdRobinsonStSouth,2025-04-30 17:30:00,-0.09987177699804306,0.08812617790434492,6,-0.18799795490238796,0.18799795490238796
10062,NclShieldsRdEdwinStNorth,2025-04-30 16:15:00,-0.1199614629149437,0.7382787906240914,1,-0.8582402535390351,0.8582402535390351
10062,NclShieldsRdEdwinStNorth,2025-04-30 16:30:00,-0.1751031130552292,0.6453998459498419,2,-0.8205029590050711,0.8205029590050711
10062,NclShieldsRdEdwinStNorth,2025-04-30 16:45:00,-0.08819589018821716,0.36676301192709343,3,-0.4549589021153106,0.4549589021153106
10062,NclShieldsRdEdwinStNorth,2025-04-30 17:00:00,-0.1760087013244629,0.22744459491571917,4,-0.40345329624018206,0.40345329624018206
10062,NclShieldsRdEdwinStNorth,2025-04-30 17:15:00,-0.18384838104248047,0.1810051225785944,5,-0.3648535036210749,0.3648535036210749
10062,NclShieldsRdEdwinStNorth,2025-04-30 17:30:00,-0.09987177699804306,0.08812617790434492,6,-0.18799795490238796,0.18799795490238796
10063,NclHeatonParkRdHeatonGrove,2025-04-30 16:15:00,-0.12991023063659668,0.5989603736127171,1,-0.7288706042493138,0.7288706042493138
10063,NclHeatonParkRdHeatonGrove,2025-04-30 16:30:00,-0.17730824649333954,0.5060814289384676,2,-0.6833896754318072,0.6833896754318072
10063,NclHeatonParkRdHeatonGrove,2025-04-30 16:45:00,-0.0998779684305191,0.5989603736127171,3,-0.6988383420432362,0.6988383420432362
10063,NclHeatonParkRdHeatonGrove,2025-04-30 17:00:00,-0.16830220818519592,-0.004752766769904586,4,-0.16354944141529135,0.16354944141529135
10063,NclHeatonParkRdHeatonGrove,2025-04-30 17:15:00,-0.19002635776996613,0.5060814289384676,5,-0.6961077867084338,0.6961077867084338
10063,NclHeatonParkRdHeatonGrove,2025-04-30 17:30:00,-0.10633745789527893,0.6918393182869667,6,-0.7981767761822456,0.7981767761822456
10064,NclHeatonRdGuildfordPl,2025-04-30 16:15:00,-0.11998026072978973,0.22744459491571917,1,-0.3474248556455089,0.3474248556455089
10064,NclHeatonRdGuildfordPl,2025-04-30 16:30:00,-0.17509323358535767,0.1810051225785944,2,-0.3560983561639521,0.3560983561639521
10064,NclHeatonRdGuildfordPl,2025-04-30 16:45:00,-0.08818497508764267,-0.1905106561184036,3,0.10232568103076092,0.10232568103076092
10064,NclHeatonRdGuildfordPl,2025-04-30 17:00:00,-0.17601485550403595,0.22744459491571917,4,-0.4034594504197551,0.4034594504197551
10064,NclHeatonRdGuildfordPl,2025-04-30 17:15:00,-0.1838097870349884,0.22744459491571917,5,-0.41125438195070757,0.41125438195070757
10064,NclHeatonRdGuildfordPl,2025-04-30 17:30:00,-0.09987157583236694,0.1810051225785944,6,-0.28087669841096136,0.28087669841096136
10065,NclShieldsRdCliffordStSouth,2025-04-30 16:15:00,-0.11253171414136887,-0.1905106561184036,1,0.07797894197703473,0.07797894197703473
10065,NclShieldsRdCliffordStSouth,2025-04-30 16:30:00,-0.16794121265411377,0.36676301192709343,2,-0.5347042245812073,0.5347042245812073
10065,NclShieldsRdCliffordStSouth,2025-04-30 16:45:00,-0.08553246408700943,-0.09763171144415408,3,0.012099247357144655,0.012099247357144655
10065,NclShieldsRdCliffordStSouth,2025-04-30 17:00:00,-0.15264710783958435,0.041686705567220164,4,-0.1943338134068045,0.1943338134068045
10065,NclShieldsRdCliffordStSouth,2025-04-30 17:15:00,-0.18206094205379486,-0.2833896007926531,5,0.10132865873885821,0.10132865873885821
10065,NclShieldsRdCliffordStSouth,2025-04-30 17:30:00,-0.09892295300960541,0.2738840672528439,6,-0.37280702026244933,0.37280702026244933
10066,NclShieldsRdCliffordStNorth,2025-04-30 16:15:00,-0.10486543923616409,1.1097945693210896,1,-1.2146600085572536,1.2146600085572536
10066,NclShieldsRdCliffordStNorth,2025-04-30 16:30:00,-0.15750613808631897,0.22744459491571917,2,-0.38495073300203814,0.38495073300203814
10066,NclShieldsRdCliffordStNorth,2025-04-30 16:45:00,-0.07177519798278809,0.22744459491571917,3,-0.29921979289850725,0.29921979289850725
10066,NclShieldsRdCliffordStNorth,2025-04-30 17:00:00,-0.16040971875190735,0.45964195660134294,4,-0.6200516753532503,0.6200516753532503
10066,NclShieldsRdCliffordStNorth,2025-04-30 17:15:00,-0.1780918389558792,1.1097945693210896,5,-1.2878864082769688,1.2878864082769688
10066,NclShieldsRdCliffordStNorth,2025-04-30 17:30:00,-0.08414432406425476,0.22744459491571917,6,-0.31158891897997393,0.31158891897997393
10070,NclTownMoorCrossroads,2025-04-30 16:15:00,-0.1273384839296341,-0.1905106561184036,1,0.0631721721887695,0.0631721721887695
10070,NclTownMoorCrossroads,2025-04-30 16:30:00,-0.1764073520898819,-0.14407118378127884,2,-0.03233616830860306,0.03233616830860306
10070,NclTownMoorCrossroads,2025-04-30 16:45:00,-0.09394374489784241,-0.23695012845552835,3,0.14300638355768594,0.14300638355768594
10070,NclTownMoorCrossroads,2025-04-30 17:00:00,-0.16596892476081848,-0.3762685454669026,4,0.2102996207060841,0.2102996207060841
10070,NclTownMoorCrossroads,2025-04-30 17:15:00,-0.19187669456005096,-0.14407118378127884,5,-0.047805510778772126,0.047805510778772126
10070,NclTownMoorCrossroads,2025-04-30 17:30:00,-0.10133492946624756,-0.4691474901411521,6,0.36781256067490453,0.36781256067490453
10071,NclShieldsRdRabySt,2025-04-30 16:15:00,-0.1199614554643631,0.22744459491571917,1,-0.34740605038008227,0.34740605038008227
10071,NclShieldsRdRabySt,2025-04-30 16:30:00,-0.175103098154068,0.45964195660134294,2,-0.634745054755411,0.634745054755411
10071,NclShieldsRdRabySt,2025-04-30 16:45:00,-0.08819589763879776,0.13456565024146966,3,-0.22276154788026742,0.22276154788026742
10071,NclShieldsRdRabySt,2025-04-30 17:00:00,-0.1760087013244629,0.2738840672528439,4,-0.4498927685773068,0.4498927685773068
10071,NclShieldsRdRabySt,2025-04-30 17:15:00,-0.18384839594364166,-0.14407118378127884,5,-0.039777212162362824,0.039777212162362824
10071,NclShieldsRdRabySt,2025-04-30 17:30:00,-0.09987177699804306,0.1810051225785944,6,-0.2808768995766375,0.2808768995766375
10072,NclShieldsRdSquareEast,2025-04-30 16:15:00,-0.1199614629149437,-999.0,1,,
10072,NclShieldsRdSquareEast,2025-04-30 16:30:00,-0.175103098154068,-999.0,2,,
10072,NclShieldsRdSquareEast,2025-04-30 16:45:00,-0.08819589018821716,0.1810051225785944,3,-0.2692010127668116,0.2692010127668116
10072,NclShieldsRdSquareEast,2025-04-30 17:00:00,-0.1760086864233017,-0.4691474901411521,4,0.2931388037178504,0.2931388037178504
10072,NclShieldsRdSquareEast,2025-04-30 17:15:00,-0.18384838104248047,-0.1905106561184036,5,0.006662275075923124,0.006662275075923124
10072,NclShieldsRdSquareEast,2025-04-30 17:30:00,-0.09987178444862366,-0.05119223910702934,6,-0.04867954534159432,0.04867954534159432
10073,NclShieldsRdSquareWest,2025-04-30 16:15:00,-0.13016396760940552,-0.3762685454669026,1,0.24610457785749706,0.24610457785749706
10073,NclShieldsRdSquareWest,2025-04-30 16:30:00,-0.17764031887054443,-0.1905106561184036,2,0.01287033724785916,0.01287033724785916
10073,NclShieldsRdSquareWest,2025-04-30 16:45:00,-0.09986066073179245,-0.4691474901411521,3,0.36928682940935964,0.36928682940935964
10073,NclShieldsRdSquareWest,2025-04-30 17:00:00,-0.16859827935695648,-0.5155869624782768,4,0.34698868312132036,0.34698868312132036
10073,NclShieldsRdSquareWest,2025-04-30 17:15:00,-0.19018743932247162,-0.5620264348154016,5,0.37183899549293,0.37183899549293
10073,NclShieldsRdSquareWest,2025-04-30 17:30:00,-0.10644090920686722,-0.32982907312977783,6,0.2233881639229106,0.2233881639229106
10074,NclAdelaideTerNicholSt,2025-04-30 16:15:00,-0.13871683180332184,-0.5620264348154016,1,0.42330960301207976,0.42330960301207976
10074,NclAdelaideTerNicholSt,2025-04-30 16:30:00,-0.19444404542446136,-0.32982907312977783,2,0.13538502770531646,0.13538502770531646
10074,NclAdelaideTerNicholSt,2025-04-30 16:45:00,-0.1077025830745697,-0.1905106561184036,3,0.08280807304383389,0.08280807304383389
10074,NclAdelaideTerNicholSt,2025-04-30 17:00:00,-0.18867984414100647,0.13456565024146966,4,-0.32324549438247613,0.32324549438247613
10074,NclAdelaideTerNicholSt,2025-04-30 17:15:00,-0.20134077966213226,-0.42270801780402734,5,0.22136723814189507,0.22136723814189507
10074,NclAdelaideTerNicholSt,2025-04-30 17:30:00,-0.11453348398208618,-0.5155869624782768,6,0.40105347849619066,0.40105347849619066
10075,NclAdelaideTerGeraldSt,2025-04-30 16:15:00,-0.14407610893249512,-0.09763171144415408,1,-0.04644439748834103,0.04644439748834103
10075,NclAdelaideTerGeraldSt,2025-04-30 16:30:00,-0.1994963139295578,-0.4691474901411521,2,0.2696511762115943,0.2696511762115943
10075,NclAdelaideTerGeraldSt,2025-04-30 16:45:00,-0.11331538110971451,-0.09763171144415408,3,-0.015683669665560424,0.015683669665560424
10075,NclAdelaideTerGeraldSt,2025-04-30 17:00:00,-0.1906856745481491,-0.2833896007926531,4,0.09270392624450396,0.09270392624450396
10075,NclAdelaideTerGeraldSt,2025-04-30 17:15:00,-0.2066650092601776,-0.32982907312977783,5,0.12316406386960022,0.12316406386960022
10075,NclAdelaideTerGeraldSt,2025-04-30 17:30:00,-0.12348778545856476,-0.3762685454669026,6,0.2527807600083378,0.2527807600083378
10076,NclAdelaideTerBeechSt,2025-04-30 16:15:00,-0.13723649084568024,0.2738840672528439,1,-0.41112055809852416,0.41112055809852416
10076,NclAdelaideTerBeechSt,2025-04-30 16:30:00,-0.19301694631576538,0.22744459491571917,2,-0.42046154123148455,0.42046154123148455
10076,NclAdelaideTerBeechSt,2025-04-30 16:45:00,-0.10569426417350769,0.45964195660134294,3,-0.5653362207748507,0.5653362207748507
10076,NclAdelaideTerBeechSt,2025-04-30 17:00:00,-0.1881246417760849,0.45964195660134294,4,-0.6477665983774279,0.6477665983774279
10076,NclAdelaideTerBeechSt,2025-04-30 17:15:00,-0.19956988096237183,0.3203235395899687,5,-0.5198934205523404,0.5198934205523404
10076,NclAdelaideTerBeechSt,2025-04-30 17:30:00,-0.1133059561252594,0.4132024842642182,6,-0.5265084403894775,0.5265084403894775
10077,NclAdelaideTerMariaSt,2025-04-30 16:15:00,-0.1426354944705963,-0.1905106561184036,1,0.04787516164780728,0.04787516164780728
10077,NclAdelaideTerMariaSt,2025-04-30 16:30:00,-0.19923238456249237,-0.004752766769904586,2,-0.1944796177925878,0.1944796177925878
10077,NclAdelaideTerMariaSt,2025-04-30 16:45:00,-0.11293648928403854,-0.2833896007926531,3,0.17045311150861453,0.17045311150861453
10077,NclAdelaideTerMariaSt,2025-04-30 17:00:00,-0.19043494760990143,0.08812617790434492,4,-0.27856112551424633,0.27856112551424633
10077,NclAdelaideTerMariaSt,2025-04-30 17:15:00,-0.20622703433036804,-0.1905106561184036,5,-0.01571637821196445,0.01571637821196445
10077,NclAdelaideTerMariaSt,2025-04-30 17:30:00,-0.11923111975193024,0.3203235395899687,6,-0.4395546593418989,0.4395546593418989
10078,NclSandyfordRdJesmondRdSouthbound,2025-04-30 16:15:00,-0.12989386916160583,0.45964195660134294,1,-0.5895358257629488,0.5895358257629488
10078,NclSandyfordRdJesmondRdSouthbound,2025-04-30 16:30:00,-0.1772773563861847,0.8775972076354658,2,-1.0548745640216506,1.0548745640216506
10078,NclSandyfordRdJesmondRdSouthbound,2025-04-30 16:45:00,-0.09986212849617004,0.22744459491571917,3,-0.3273067234118892,0.3273067234118892
10078,NclSandyfordRdJesmondRdSouthbound,2025-04-30 17:00:00,-0.16828306019306183,0.13456565024146966,4,-0.3028487104345315,0.3028487104345315
10078,NclSandyfordRdJesmondRdSouthbound,2025-04-30 17:15:00,-0.19001147150993347,-0.5155869624782768,5,0.3255754909683434,0.3255754909683434
10078,NclSandyfordRdJesmondRdSouthbound,2025-04-30 17:30:00,-0.10633263736963272,-0.004752766769904586,6,-0.10157987059972813,0.10157987059972813
10080,NclSandyfordRdJesmondRdNorthbound,2025-04-30 16:15:00,-0.1298905313014984,-0.32982907312977783,1,0.19993854182827941,0.19993854182827941
10080,NclSandyfordRdJesmondRdNorthbound,2025-04-30 16:30:00,-0.17726683616638184,-0.05119223910702934,2,-0.1260745970593525,0.1260745970593525
10080,NclSandyfordRdJesmondRdNorthbound,2025-04-30 16:45:00,-0.09985802322626114,-0.32982907312977783,3,0.2299710499035167,0.2299710499035167
10080,NclSandyfordRdJesmondRdNorthbound,2025-04-30 17:00:00,-0.16828055679798126,-0.3762685454669026,4,0.20798798866892132,0.20798798866892132
10080,NclSandyfordRdJesmondRdNorthbound,2025-04-30 17:15:00,-0.1900109052658081,-0.4691474901411521,5,0.279136584875344,0.279136584875344
10080,NclSandyfordRdJesmondRdNorthbound,2025-04-30 17:30:00,-0.1063290536403656,-0.4691474901411521,6,0.3628184365007865,0.3628184365007865
10081,NclJesmondRdAllSaintsCemeteryNorth,2025-04-30 16:15:00,-0.12300264835357666,-0.32982907312977783,1,0.20682642477620117,0.20682642477620117
10081,NclJesmondRdAllSaintsCemeteryNorth,2025-04-30 16:30:00,-0.17817014455795288,-0.32982907312977783,2,0.15165892857182495,0.15165892857182495
10081,NclJesmondRdAllSaintsCemeteryNorth,2025-04-30 16:45:00,-0.09125146269798279,0.041686705567220164,3,-0.13293816826520294,0.13293816826520294
10081,NclJesmondRdAllSaintsCemeteryNorth,2025-04-30 17:00:00,-0.17827434837818146,-0.32982907312977783,4,0.15155472475159637,0.15155472475159637
10081,NclJesmondRdAllSaintsCemeteryNorth,2025-04-30 17:15:00,-0.18675722181797028,-0.4691474901411521,5,0.2823902683231818,0.2823902683231818
10081,NclJesmondRdAllSaintsCemeteryNorth,2025-04-30 17:30:00,-0.10223347693681717,-0.2833896007926531,6,0.1811561238558359,0.1811561238558359
10082,NclJesmondRdAllSaintsCemeterySouth,2025-04-30 16:15:00,-0.13047388195991516,-0.5155869624782768,1,0.3851130805183617,0.3851130805183617
10082,NclJesmondRdAllSaintsCemeterySouth,2025-04-30 16:30:00,-0.18584737181663513,-0.4691474901411521,2,0.28330011832451696,0.28330011832451696
10082,NclJesmondRdAllSaintsCemeterySouth,2025-04-30 16:45:00,-0.09906524419784546,-0.5620264348154016,3,0.46296119061755614,0.46296119061755614
10082,NclJesmondRdAllSaintsCemeterySouth,2025-04-30 17:00:00,-0.1837049424648285,-999.0,4,,
10082,NclJesmondRdAllSaintsCemeterySouth,2025-04-30 17:15:00,-0.1941644549369812,-999.0,5,,
10082,NclJesmondRdAllSaintsCemeterySouth,2025-04-30 17:30:00,-0.1082005649805069,-0.5620264348154016,6,0.4538258698348947,0.4538258698348947
10083,NclRedHallDrMartelloGardensZebra,2025-04-30 16:15:00,-0.14071126282215118,-0.42270801780402734,1,0.28199675498187615,0.28199675498187615
10083,NclRedHallDrMartelloGardensZebra,2025-04-30 16:30:00,-0.19654548168182373,-0.32982907312977783,2,0.1332835914479541,0.1332835914479541
10083,NclRedHallDrMartelloGardensZebra,2025-04-30 16:45:00,-0.1100526973605156,-0.5620264348154016,3,0.451973737454886,0.451973737454886
10083,NclRedHallDrMartelloGardensZebra,2025-04-30 17:00:00,-0.191150963306427,-0.5155869624782768,4,0.32443599917184984,0.32443599917184984
10083,NclRedHallDrMartelloGardensZebra,2025-04-30 17:15:00,-0.20432442426681519,-0.5620264348154016,5,0.3577020105485864,0.3577020105485864
10083,NclRedHallDrMartelloGardensZebra,2025-04-30 17:30:00,-0.11650803685188293,-0.42270801780402734,6,0.3061999809521444,0.3061999809521444
10088,NclStephensonRdHeatonRdNewtonRdSE1,2025-04-30 16:15:00,-0.125926673412323,-0.4691474901411521,1,0.3432208167288291,0.3432208167288291
10088,NclStephensonRdHeatonRdNewtonRdSE1,2025-04-30 16:30:00,-0.18117162585258484,-0.14407118378127884,2,-0.037100442071306,0.037100442071306
10088,NclStephensonRdHeatonRdNewtonRdSE1,2025-04-30 16:45:00,-0.09446312487125397,-0.3762685454669026,3,0.2818054205956486,0.2818054205956486
10088,NclStephensonRdHeatonRdNewtonRdSE1,2025-04-30 17:00:00,-0.18034937977790833,-0.2833896007926531,4,0.10304022101474475,0.10304022101474475
10088,NclStephensonRdHeatonRdNewtonRdSE1,2025-04-30 17:15:00,-0.18966814875602722,-0.3762685454669026,5,0.18660039671087536,0.18660039671087536
10088,NclStephensonRdHeatonRdNewtonRdSE1,2025-04-30 17:30:00,-0.10462410748004913,-0.2833896007926531,6,0.17876549331260394,0.17876549331260394
10089,NclStephensonRdHeatonRdNewtonRdSE2,2025-04-30 16:15:00,-0.12744024395942688,-0.5155869624782768,1,0.38814671851884996,0.38814671851884996
10089,NclStephensonRdHeatonRdNewtonRdSE2,2025-04-30 16:30:00,-0.18274030089378357,-0.32982907312977783,2,0.14708877223599426,0.14708877223599426
10089,NclStephensonRdHeatonRdNewtonRdSE2,2025-04-30 16:45:00,-0.09600834548473358,-0.14407118378127884,3,0.04806283829654526,0.04806283829654526
10089,NclStephensonRdHeatonRdNewtonRdSE2,2025-04-30 17:00:00,-0.18147942423820496,-0.23695012845552835,4,0.05547070421732339,0.05547070421732339
10089,NclStephensonRdHeatonRdNewtonRdSE2,2025-04-30 17:15:00,-0.19117289781570435,-0.5155869624782768,5,0.3244140646625725,0.3244140646625725
10089,NclStephensonRdHeatonRdNewtonRdSE2,2025-04-30 17:30:00,-0.10582561790943146,-0.4691474901411521,6,0.36332187223172063,0.36332187223172063
10091,NclStephensonRdHeatonRdNewtonRdSW2,2025-04-30 16:15:00,-0.13004758954048157,-0.3762685454669026,1,0.24622095592642101,0.24622095592642101
10091,NclStephensonRdHeatonRdNewtonRdSW2,2025-04-30 16:30:00,-0.17750146985054016,-0.1905106561184036,2,0.013009186267863432,0.013009186267863432
10091,NclStephensonRdHeatonRdNewtonRdSW2,2025-04-30 16:45:00,-0.09993033856153488,-0.4691474901411521,3,0.3692171515796172,0.3692171515796172
10091,NclStephensonRdHeatonRdNewtonRdSW2,2025-04-30 17:00:00,-0.16849809885025024,-0.3762685454669026,4,0.20777044661665234,0.20777044661665234
10091,NclStephensonRdHeatonRdNewtonRdSW2,2025-04-30 17:15:00,-0.19012314081192017,-0.2833896007926531,5,0.09326645998073291,0.09326645998073291
10091,NclStephensonRdHeatonRdNewtonRdSW2,2025-04-30 17:30:00,-0.10639980435371399,-0.1905106561184036,6,0.0841108517646896,0.0841108517646896
10092,NclStephensonRdHeatonRdNewtonRdNE1,2025-04-30 16:15:00,-0.13013337552547455,-0.3762685454669026,1,0.24613516994142803,0.24613516994142803
10092,NclStephensonRdHeatonRdNewtonRdNE1,2025-04-30 16:30:00,-0.17761185765266418,-0.4691474901411521,2,0.2915356324884879,0.2915356324884879
10092,NclStephensonRdHeatonRdNewtonRdNE1,2025-04-30 16:45:00,-0.0999336987733841,-0.42270801780402734,3,0.32277431903064324,0.32277431903064324
10092,NclStephensonRdHeatonRdNewtonRdNE1,2025-04-30 17:00:00,-0.16859513521194458,-0.4691474901411521,4,0.3005523549292075,0.3005523549292075
10092,NclStephensonRdHeatonRdNewtonRdNE1,2025-04-30 17:15:00,-0.19018669426441193,-0.5155869624782768,5,0.3254002682138649,0.3254002682138649
10092,NclStephensonRdHeatonRdNewtonRdNE1,2025-04-30 17:30:00,-0.10643571615219116,-0.09763171144415408,6,-0.008804004708037078,0.008804004708037078
10093,NclStephensonRdHeatonRdNewtonRdNE2,2025-04-30 16:15:00,-0.13023728132247925,-0.4691474901411521,1,0.33891020881867284,0.33891020881867284
10093,NclStephensonRdHeatonRdNewtonRdNE2,2025-04-30 16:30:00,-0.17774389684200287,-0.42270801780402734,2,0.24496412096202447,0.24496412096202447
10093,NclStephensonRdHeatonRdNewtonRdNE2,2025-04-30 16:45:00,-0.09993568807840347,-0.4691474901411521,3,0.3692118020627486,0.3692118020627486
10093,NclStephensonRdHeatonRdNewtonRdNE2,2025-04-30 17:00:00,-0.1687091737985611,-0.5155869624782768,4,0.34687778867971575,0.34687778867971575
10093,NclStephensonRdHeatonRdNewtonRdNE2,2025-04-30 17:15:00,-0.19026121497154236,-0.3762685454669026,5,0.18600733049536022,0.18600733049536022
10093,NclStephensonRdHeatonRdNewtonRdNE2,2025-04-30 17:30:00,-0.10647900402545929,-0.14407118378127884,6,0.03759217975581955,0.03759217975581955
10094,NclStephensonRdHeatonRdNewtonRdNE3,2025-04-30 16:15:00,-0.13103941082954407,-0.42270801780402734,1,0.29166860697448327,0.29166860697448327
10094,NclStephensonRdHeatonRdNewtonRdNE3,2025-04-30 16:30:00,-0.1789928376674652,-0.5620264348154016,2,0.3830335971479364,0.3830335971479364
10094,NclStephensonRdHeatonRdNewtonRdNE3,2025-04-30 16:45:00,-0.09990629553794861,-0.4691474901411521,3,0.3692411946032035,0.3692411946032035
10094,NclStephensonRdHeatonRdNewtonRdNE3,2025-04-30 17:00:00,-0.1697777956724167,-0.3762685454669026,4,0.2064907497944859,0.2064907497944859
10094,NclStephensonRdHeatonRdNewtonRdNE3,2025-04-30 17:15:00,-0.19092683494091034,-0.5620264348154016,5,0.37109959987449126,0.37109959987449126
10094,NclStephensonRdHeatonRdNewtonRdNE3,2025-04-30 17:30:00,-0.10687718540430069,-0.5155869624782768,6,0.40870977707397615,0.40870977707397615
10095,NclJesmondRdAkensideTerrace,2025-04-30 16:15:00,-0.12296123802661896,-0.3762685454669026,1,0.2533073074402836,0.2533073074402836
10095,NclJesmondRdAkensideTerrace,2025-04-30 16:30:00,-0.1780993789434433,-0.42270801780402734,2,0.24460863886058404,0.24460863886058404
10095,NclJesmondRdAkensideTerrace,2025-04-30 16:45:00,-0.09127035737037659,-0.14407118378127884,3,0.05280082641090225,0.05280082641090225
10095,NclJesmondRdAkensideTerrace,2025-04-30 17:00:00,-0.1782132238149643,-0.3762685454669026,4,0.1980553216519383,0.1980553216519383
10095,NclJesmondRdAkensideTerrace,2025-04-30 17:15:00,-0.18672232329845428,-0.4691474901411521,5,0.2824251668426978,0.2824251668426978
10095,NclJesmondRdAkensideTerrace,2025-04-30 17:30:00,-0.10220712423324585,-0.3762685454669026,6,0.27406142123365673,0.27406142123365673
10097,NclSideMilburnHouse,2025-04-30 16:15:00,-0.1047407016158104,0.4132024842642182,1,-0.5179431858800285,0.5179431858800285
10097,NclSideMilburnHouse,2025-04-30 16:30:00,-0.15737482905387878,0.831157735298341,2,-0.9885325643522198,0.9885325643522198
10097,NclSideMilburnHouse,2025-04-30 16:45:00,-0.07165519893169403,0.1810051225785944,3,-0.25266032151028844,0.25266032151028844
10097,NclSideMilburnHouse,2025-04-30 17:00:00,-0.16027598083019257,0.45964195660134294,4,-0.6199179374315356,0.6199179374315356
10097,NclSideMilburnHouse,2025-04-30 17:15:00,-0.17793036997318268,0.1810051225785944,5,-0.3589354925517771,0.3589354925517771
10097,NclSideMilburnHouse,2025-04-30 17:30:00,-0.08406474441289902,0.22744459491571917,6,-0.3115093393286182,0.3115093393286182
10098,NclBarrasBridgeCivicCentre,2025-04-30 16:15:00,-0.10481954365968704,4.964270773302444,1,-5.069090316962131,5.069090316962131
10098,NclBarrasBridgeCivicCentre,2025-04-30 16:30:00,-0.15749062597751617,3.6175260755258263,2,-3.7750167015033425,3.7750167015033425
10098,NclBarrasBridgeCivicCentre,2025-04-30 16:45:00,-0.07174605876207352,3.3853287138402024,3,-3.457074772602276,3.457074772602276
10098,NclBarrasBridgeCivicCentre,2025-04-30 17:00:00,-0.16041019558906555,3.5246471308515765,4,-3.685057326440642,3.685057326440642
10098,NclBarrasBridgeCivicCentre,2025-04-30 17:15:00,-0.17806798219680786,3.9890418542228243,5,-4.167109836419632,4.167109836419632
10098,NclBarrasBridgeCivicCentre,2025-04-30 17:30:00,-0.08414095640182495,2.9673734628060795,6,-3.0515144192079044,3.0515144192079044
10099,NclQuaysideMarinersWharfHadriansWallPath,2025-04-30 16:15:00,-0.11259248852729797,0.7847182629612163,1,-0.8973107514885142,0.8973107514885142
10099,NclQuaysideMarinersWharfHadriansWallPath,2025-04-30 16:30:00,-0.16883468627929688,1.063355096983965,2,-1.2321897832632618,1.2321897832632618
10099,NclQuaysideMarinersWharfHadriansWallPath,2025-04-30 16:45:00,-0.08588148653507233,1.2955524586695886,3,-1.381433945204661,1.381433945204661
10099,NclQuaysideMarinersWharfHadriansWallPath,2025-04-30 17:00:00,-0.15382251143455505,0.5989603736127171,4,-0.7527828850472722,0.7527828850472722
10099,NclQuaysideMarinersWharfHadriansWallPath,2025-04-30 17:15:00,-0.18185101449489594,1.5277498203552122,5,-1.7096008348501082,1.7096008348501082
10099,NclQuaysideMarinersWharfHadriansWallPath,2025-04-30 17:30:00,-0.09913420677185059,1.3419919310067132,6,-1.4411261377785638,1.4411261377785638
10100,NclHeberSt,2025-04-30 16:15:00,-0.10482652485370636,1.5277498203552122,1,-1.6325763452089186,1.6325763452089186
10100,NclHeberSt,2025-04-30 16:30:00,-0.1574697345495224,1.1097945693210896,2,-1.267264303870612,1.267264303870612
10100,NclHeberSt,2025-04-30 16:45:00,-0.07175317406654358,1.2955524586695886,3,-1.3673056327361321,1.3673056327361321
10100,NclHeberSt,2025-04-30 17:00:00,-0.16028842329978943,0.9704761523097153,4,-1.1307645756095046,1.1307645756095046
10100,NclHeberSt,2025-04-30 17:15:00,-0.1780625581741333,0.8775972076354658,5,-1.0556597658095992,1.0556597658095992
10100,NclHeberSt,2025-04-30 17:30:00,-0.08412636071443558,1.063355096983965,6,-1.1474814576984005,1.1474814576984005
10101,NclFalconarStLoversLn,2025-04-30 16:15:00,-0.12005731463432312,3.3853287138402024,1,-3.5053860284745255,3.5053860284745255
10101,NclFalconarStLoversLn,2025-04-30 16:30:00,-0.17521986365318298,3.6175260755258263,2,-3.7927459391790093,3.7927459391790093
10101,NclFalconarStLoversLn,2025-04-30 16:45:00,-0.0880829244852066,2.2243419054120834,3,-2.31242482989729,2.31242482989729
10101,NclFalconarStLoversLn,2025-04-30 17:00:00,-0.1761418581008911,3.0602524074803292,4,-3.2363942655812203,3.2363942655812203
10101,NclFalconarStLoversLn,2025-04-30 17:15:00,-0.18389372527599335,2.4565392670977073,5,-2.6404329923737007,2.6404329923737007
10101,NclFalconarStLoversLn,2025-04-30 17:30:00,-0.09988589584827423,2.920933990468955,6,-3.0208198863172293,3.0208198863172293
10102,NclStephensonRdHeatonRdNewtonRdSE3,2025-04-30 16:15:00,-0.24485909938812256,-999.0,1,,
10102,NclStephensonRdHeatonRdNewtonRdSE3,2025-04-30 16:30:00,-0.2500729560852051,-999.0,2,,
10102,NclStephensonRdHeatonRdNewtonRdSE3,2025-04-30 16:45:00,-0.2579471468925476,-999.0,3,,
10102,NclStephensonRdHeatonRdNewtonRdSE3,2025-04-30 17:00:00,-0.27072545886039734,-999.0,4,,
10102,NclStephensonRdHeatonRdNewtonRdSE3,2025-04-30 17:15:00,-0.2871518135070801,-999.0,5,,
10102,NclStephensonRdHeatonRdNewtonRdSE3,2025-04-30 17:30:00,-0.29312726855278015,-999.0,6,,
